{"data":"{\"year\": \"2017\", \"region_code\": \"77\", \"region_name\": \"Чукотский автономный округ\", \"month_first\": 1, \"month_last\": 12, \"cards\": [{\"KartId\": 207057527, \"rowNum\": 1, \"date\": \"06.10.2017\", \"Time\": \"18:00\", \"District\": \"Чукотский район\", \"DTP_V\": \"Наезд на препятствие\", \"POG\": 0, \"RAN\": 1, \"K_TS\": 1, \"K_UCH\": 1, \"infoDtp\": {\"ndu\": [\"Не установлены\"], \"sdor\": [\"Перегон (нет объектов на месте ДТП)\", \"Нерегулируемый перекрёсток неравнозначных улиц (дорог)\"], \"ts_info\": [{\"n_ts\": \"1\", \"ts_s\": \"Нет\", \"t_ts\": \"Мотоциклы\", \"marka_ts\": \"Прочие марки мотоциклов\", \"m_ts\": \"Прочие марки мотоциклов\", \"color\": \"Серый\", \"r_rul\": \"Иной\", \"g_v\": \"2013\", \"m_pov\": \"Передний правый угол | Передний правый бок (передняя дверь пассажира, в случае ТС с правым расположением руля передняя дверь водителя) | Задний левый угол\", \"t_n\": \"Технические неисправности отсутствуют\", \"f_sob\": \"Частная собственность\", \"o_pf\": \"Физические лица\", \"ts_uch\": [{\"K_UCH\": \"Водитель\", \"NPDD\": [\"Другие нарушения ПДД водителем\"], \"S_T\": \"Раненый, находящийся (находившийся) на стационарном лечении\", \"POL\": \"Мужской\", \"V_ST\": \"95\", \"ALCO\": \"\", \"SOP_NPDD\": [\"Управление ТС лицом, не имеющим права на управление ТС\", \"Нарушение правил применения мотошлема\", \"Несоблюдение требований ОСАГО\"], \"SAFETY_BELT\": \"Да\", \"S_SM\": \"Нет (не скрывался)\", \"N_UCH\": \"1\", \"S_SEAT_GROUP\": \"\", \"INJURED_CARD_ID\": \"\"}]}], \"n_p\": \"с Лорино\", \"street\": \"ул Чукотская\", \"house\": \"14\", \"dor\": \"\", \"km\": \"\", \"m\": \"\", \"k_ul\": \"Улицы и дороги местного значения в производственных, промышленных и коммунально-складских зонах\", \"dor_k\": \"\", \"dor_z\": \"Местного значения (дороги местного значения, включая относящиеся к собственности поселений, муниципальных районов, городских округов)\", \"factor\": [\"Сведения отсутствуют\"], \"s_pog\": [\"Ясно\"], \"s_pch\": \"Сухое\", \"osv\": \"В темное время суток, освещение включено\", \"change_org_motion\": \"Режим движения не изменялся\", \"s_dtp\": \"990\", \"COORD_W\": \"65.503657\", \"COORD_L\": \"171.702753\", \"OBJ_DTP\": [\"Лечебные учреждения\"], \"uchInfo\": []}}, {\"KartId\": 206672500, \"rowNum\": 2, \"date\": \"06.09.2017\", \"Time\": \"16:00\", \"District\": \"Чукотский район\", \"DTP_V\": \"Наезд на пешехода\", \"POG\": 1, \"RAN\": 0, \"K_TS\": 1, \"K_UCH\": 2, \"infoDtp\": {\"ndu\": [\"Не установлены\"], \"sdor\": [\"Перегон (нет объектов на месте ДТП)\", \"Гаражные постройки (гаражный кооператив, товарищество либо иное место концентрированного размещения гаражей)\"], \"ts_info\": [{\"n_ts\": \"1\", \"ts_s\": \"Нет\", \"t_ts\": \"Самосвалы\", \"marka_ts\": \"УРАЛ\", \"m_ts\": \"5557\", \"color\": \"Иные цвета\", \"r_rul\": \"Полноприводный\", \"g_v\": \"2001\", \"m_pov\": \"\", \"t_n\": \"Неисправность рабочей тормозной системы\", \"f_sob\": \"Муниципальная собственность\", \"o_pf\": \"Юридические лица, являющиеся коммерческими организациями\", \"ts_uch\": [{\"K_UCH\": \"Водитель\", \"NPDD\": [\"Другие нарушения ПДД водителем\"], \"S_T\": \"Не пострадал\", \"POL\": \"Мужской\", \"V_ST\": \"95\", \"ALCO\": \"17\", \"SOP_NPDD\": [\"Управление ТС лицом, не имеющим права на управление ТС\", \"Управление ТС лицом, находящимся в состоянии алкогольного опьянения и не имеющим права управления ТС либо лишенным права управления ТС\", \"Управление транспортным средством при наличии неисправностей или условий, при которых эксплуатация транспортного средства запрещена\"], \"SAFETY_BELT\": \"Да\", \"S_SM\": \"Нет (не скрывался)\", \"N_UCH\": \"1\", \"S_SEAT_GROUP\": \"\", \"INJURED_CARD_ID\": \"\"}]}], \"n_p\": \"с Лорино\", \"street\": \"ул Енок\", \"house\": \"18 А\", \"dor\": \"\", \"km\": \"\", \"m\": \"\", \"k_ul\": \"Поселковые дороги\", \"dor_k\": \"\", \"dor_z\": \"Местного значения (дороги местного значения, включая относящиеся к собственности поселений, муниципальных районов, городских округов)\", \"factor\": [\"Сведения отсутствуют\"], \"s_pog\": [\"Ясно\"], \"s_pch\": \"Сухое\", \"osv\": \"Светлое время суток\", \"change_org_motion\": \"Режим движения не изменялся\", \"s_dtp\": \"890\", \"COORD_W\": \"65.504226\", \"COORD_L\": \"171.708932\", \"OBJ_DTP\": [\"Гаражные постройки (гаражный кооператив, товарищество либо иное место концентрированного размещения гаражей)\"], \"uchInfo\": [{\"K_UCH\": \"Пешеход, перед ДТП находившийся в (на) ТС в качестве водителя или пешеход, перед ДТП находившийся в (на) ТС в качестве пассажира\", \"NPDD\": [\"Нет нарушений\"], \"S_T\": \"Скончался на месте ДТП до приезда скорой медицинской помощи\", \"POL\": \"Женский\", \"V_ST\": \"\", \"ALCO\": \"\", \"SOP_NPDD\": [\"Нет нарушений\"], \"S_SM\": \"Нет (не скрывался)\", \"N_UCH\": \"2\"}]}}, {\"KartId\": 203456062, \"rowNum\": 3, \"date\": \"21.01.2017\", \"Time\": \"21:30\", \"District\": \"Чукотский район\", \"DTP_V\": \"Съезд с дороги\", \"POG\": 1, \"RAN\": 1, \"K_TS\": 1, \"K_UCH\": 2, \"infoDtp\": {\"ndu\": [\"Недостатки зимнего содержания\"], \"sdor\": [\"Перегон (нет объектов на месте ДТП)\"], \"ts_info\": [{\"n_ts\": \"1\", \"ts_s\": \"Нет\", \"t_ts\": \"Снегоходы\", \"marka_ts\": \"Прочие марки ТС\", \"m_ts\": \"Прочие марки и модели ТС\", \"color\": \"Зеленый\", \"r_rul\": \"Иной\", \"g_v\": \"2009\", \"m_pov\": \"Передний правый угол | Передний левый угол\", \"t_n\": \"Технические неисправности отсутствуют\", \"f_sob\": \"Частная собственность\", \"o_pf\": \"Физические лица\", \"ts_uch\": [{\"K_UCH\": \"Водитель\", \"NPDD\": [\"Несоответствие скорости конкретным условиям движения\"], \"S_T\": \"Скончался в течение 9 суток\", \"POL\": \"Мужской\", \"V_ST\": \"2\", \"ALCO\": \"10\", \"SOP_NPDD\": [\"Управление ТС в состоянии алкогольного опьянения\", \"Другие нарушения ПДД водителем\"], \"SAFETY_BELT\": \"Да\", \"S_SM\": \"Нет (не скрывался)\", \"N_UCH\": \"1\", \"S_SEAT_GROUP\": \"\", \"INJURED_CARD_ID\": \"\"}, {\"K_UCH\": \"Пассажир\", \"NPDD\": [\"Нет нарушений\"], \"S_T\": \"Раненый, находящийся (находившийся) на стационарном лечении\", \"POL\": \"Женский\", \"V_ST\": \"\", \"ALCO\": \"\", \"SOP_NPDD\": [\"Нет нарушений\"], \"SAFETY_BELT\": \"Да\", \"S_SM\": \"Нет (не скрывался)\", \"N_UCH\": \"2\", \"S_SEAT_GROUP\": \"\", \"INJURED_CARD_ID\": \"\"}]}], \"n_p\": \"с Лаврентия\", \"street\": \"ул Дежнева\", \"house\": \"44\", \"dor\": \"\", \"km\": \"\", \"m\": \"\", \"k_ul\": \"Иные места\", \"dor_k\": \"\", \"dor_z\": \"Местного значения (дороги местного значения, включая относящиеся к собственности поселений, муниципальных районов, городских округов)\", \"factor\": [\"Сведения отсутствуют\"], \"s_pog\": [\"Ясно\"], \"s_pch\": \"Со снежным накатом\", \"osv\": \"В темное время суток, освещение включено\", \"change_org_motion\": \"Режим движения не изменялся\", \"s_dtp\": \"600\", \"COORD_W\": \"65.9517\", \"COORD_L\": \"171.0014\", \"OBJ_DTP\": [\"Многоквартирные жилые дома\"], \"uchInfo\": []}}, {\"KartId\": 207621468, \"rowNum\": 1, \"date\": \"14.11.2017\", \"Time\": \"17:40\", \"District\": \"Чаунский район\", \"DTP_V\": \"Наезд на препятствие\", \"POG\": 0, \"RAN\": 1, \"K_TS\": 1, \"K_UCH\": 2, \"infoDtp\": {\"ndu\": [\"Не установлены\"], \"sdor\": [\"Перегон (нет объектов на месте ДТП)\"], \"ts_info\": [{\"n_ts\": \"1\", \"ts_s\": \"Нет\", \"t_ts\": \"А-класс (особо малый) до 3,5 м\", \"marka_ts\": \"HONDA\", \"m_ts\": \"HR-V\", \"color\": \"Белый\", \"r_rul\": \"Полноприводный\", \"g_v\": \"2000\", \"m_pov\": \"Передний правый угол | Передний правый бок (передняя дверь пассажира, в случае ТС с правым расположением руля передняя дверь водителя) | Передний левый угол\", \"t_n\": \"Технические неисправности отсутствуют\", \"f_sob\": \"Частная собственность\", \"o_pf\": \"Физические лица\", \"ts_uch\": [{\"K_UCH\": \"Пассажир\", \"NPDD\": [\"Нет нарушений\"], \"S_T\": \"Получил травмы с оказанием разовой медицинской помощи, к категории раненый не относится\", \"POL\": \"Мужской\", \"V_ST\": \"\", \"ALCO\": \"\", \"SOP_NPDD\": [\"Нет нарушений\"], \"SAFETY_BELT\": \"Да\", \"S_SM\": \"Нет (не скрывался)\", \"N_UCH\": \"2\", \"S_SEAT_GROUP\": \"\", \"INJURED_CARD_ID\": \"\"}, {\"K_UCH\": \"Водитель\", \"NPDD\": [\"Другие нарушения ПДД водителем\"], \"S_T\": \"Раненый, находящийся (находившийся) на стационарном лечении\", \"POL\": \"Мужской\", \"V_ST\": \"14\", \"ALCO\": \"\", \"SOP_NPDD\": [\"Нет нарушений\"], \"SAFETY_BELT\": \"Да\", \"S_SM\": \"Нет (не скрывался)\", \"N_UCH\": \"1\", \"S_SEAT_GROUP\": \"\", \"INJURED_CARD_ID\": \"\"}]}], \"n_p\": \"г Певек\", \"street\": \"ул Пугачева\", \"house\": \"25\", \"dor\": \"\", \"km\": \"\", \"m\": \"\", \"k_ul\": \"Улицы и дороги местного значения в жилой застройке\", \"dor_k\": \"\", \"dor_z\": \"Местного значения (дороги местного значения, включая относящиеся к собственности поселений, муниципальных районов, городских округов)\", \"factor\": [\"Сведения отсутствуют\"], \"s_pog\": [\"Метель\"], \"s_pch\": \"Обработанное противогололедными материалами\", \"osv\": \"В темное время суток, освещение включено\", \"change_org_motion\": \"Режим движения не изменялся\", \"s_dtp\": \"600\", \"COORD_W\": \"17.7003\", \"COORD_L\": \"68.9786\", \"OBJ_DTP\": [\"Отсутствие в непосредственной близости объектов УДС и объектов притяжения\"], \"uchInfo\": []}}, {\"KartId\": 206925961, \"rowNum\": 2, \"date\": \"26.09.2017\", \"Time\": \"18:30\", \"District\": \"Чаунский район\", \"DTP_V\": \"Опрокидывание\", \"POG\": 0, \"RAN\": 1, \"K_TS\": 1, \"K_UCH\": 2, \"infoDtp\": {\"ndu\": [\"Не установлены\"], \"sdor\": [\"Перегон (нет объектов на месте ДТП)\"], \"ts_info\": [{\"n_ts\": \"1\", \"ts_s\": \"Нет\", \"t_ts\": \"Прочие легковые автомобили\", \"marka_ts\": \"УАЗ\", \"m_ts\": \"УАЗ 3151, 31512, 31514, 31519 и модификации\", \"color\": \"Белый\", \"r_rul\": \"Полноприводный\", \"g_v\": \"2001\", \"m_pov\": \"Передний правый бок (передняя дверь пассажира, в случае ТС с правым расположением руля передняя дверь водителя) | Передний левый бок (передняя дверь водителя, в случае ТС с правым расположением руля передняя дверь пассажира) | Крыша\", \"t_n\": \"Технические неисправности отсутствуют\", \"f_sob\": \"Муниципальная собственность\", \"o_pf\": \"Юридические лица, являющиеся некоммерческими организациями\", \"ts_uch\": [{\"K_UCH\": \"Пассажир\", \"NPDD\": [\"Нет нарушений\"], \"S_T\": \"Раненый, находящийся (находившийся)  на амбулаторном лечении, либо которому по характеру полученных травм обозначена необходимость амбулаторного лечения (вне зависимости от его фактического прохождения)\", \"POL\": \"Женский\", \"V_ST\": \"\", \"ALCO\": \"\", \"SOP_NPDD\": [\"Нет нарушений\"], \"SAFETY_BELT\": \"Да\", \"S_SM\": \"Нет (не скрывался)\", \"N_UCH\": \"2\", \"S_SEAT_GROUP\": \"\", \"INJURED_CARD_ID\": \"\"}, {\"K_UCH\": \"Водитель\", \"NPDD\": [\"Другие нарушения ПДД водителем\"], \"S_T\": \"Не пострадал\", \"POL\": \"Не определен\", \"V_ST\": \"14\", \"ALCO\": \"\", \"SOP_NPDD\": [\"Нет нарушений\"], \"SAFETY_BELT\": \"Да\", \"S_SM\": \"Нет (не скрывался)\", \"N_UCH\": \"1\", \"S_SEAT_GROUP\": \"\", \"INJURED_CARD_ID\": \"\"}]}], \"n_p\": \"\", \"street\": \"\", \"house\": \"\", \"dor\": \"\", \"km\": \"0\", \"m\": \"0\", \"k_ul\": \"Вне НП\", \"dor_k\": \"\", \"dor_z\": \"Другие места\", \"factor\": [\"Сведения отсутствуют\"], \"s_pog\": [\"Пасмурно\"], \"s_pch\": \"Сухое\", \"osv\": \"Сумерки\", \"change_org_motion\": \"Режим движения не изменялся\", \"s_dtp\": \"610\", \"COORD_W\": \"69.7\", \"COORD_L\": \"170.3167\", \"OBJ_DTP\": [\"Отсутствие в непосредственной близости объектов УДС и объектов притяжения\"], \"uchInfo\": []}}, {\"KartId\": 204452544, \"rowNum\": 3, \"date\": \"11.04.2017\", \"Time\": \"05:20\", \"District\": \"Чаунский район\", \"DTP_V\": \"Опрокидывание\", \"POG\": 0, \"RAN\": 1, \"K_TS\": 1, \"K_UCH\": 2, \"infoDtp\": {\"ndu\": [\"Не установлены\"], \"sdor\": [\"Перегон (нет объектов на месте ДТП)\"], \"ts_info\": [{\"n_ts\": \"1\", \"ts_s\": \"Нет\", \"t_ts\": \"В-класс (малый) до 3,9 м\", \"marka_ts\": \"TOYOTA\", \"m_ts\": \"Hilux\", \"color\": \"Иные цвета\", \"r_rul\": \"Полноприводный\", \"g_v\": \"2000\", \"m_pov\": \"Передний правый угол | Передний правый бок (передняя дверь пассажира, в случае ТС с правым расположением руля передняя дверь водителя) | Задний правый бок (задняя дверь пассажира)\", \"t_n\": \"Технические неисправности отсутствуют\", \"f_sob\": \"Частная собственность\", \"o_pf\": \"Физические лица\", \"ts_uch\": [{\"K_UCH\": \"Пассажир\", \"NPDD\": [\"Иные нарушения\"], \"S_T\": \"Не пострадал\", \"POL\": \"Мужской\", \"V_ST\": \"\", \"ALCO\": \"\", \"SOP_NPDD\": [\"Нарушение правил применения ремней безопасности пассажиром\"], \"SAFETY_BELT\": \"Нет\", \"S_SM\": \"Нет (не скрывался)\", \"N_UCH\": \"2\", \"S_SEAT_GROUP\": \"\", \"INJURED_CARD_ID\": \"\"}, {\"K_UCH\": \"Водитель\", \"NPDD\": [\"Другие нарушения ПДД водителем\"], \"S_T\": \"Раненый, находящийся (находившийся) на стационарном лечении\", \"POL\": \"Мужской\", \"V_ST\": \"95\", \"ALCO\": \"22\", \"SOP_NPDD\": [\"Управление ТС лицом, не имеющим права на управление ТС\", \"Управление ТС лицом, находящимся в состоянии алкогольного опьянения и не имеющим права управления ТС либо лишенным права управления ТС\", \"Нарушение водителем правил применения ремней безопасности (ставится в случае, когда не пристегнут водитель)\"], \"SAFETY_BELT\": \"Да\", \"S_SM\": \"Нет (не скрывался)\", \"N_UCH\": \"1\", \"S_SEAT_GROUP\": \"\", \"INJURED_CARD_ID\": \"\"}]}], \"n_p\": \"\", \"street\": \"\", \"house\": \"\", \"dor\": \"\", \"km\": \"0\", \"m\": \"0\", \"k_ul\": \"Вне НП\", \"dor_k\": \"\", \"dor_z\": \"Другие места\", \"factor\": [\"Сведения отсутствуют\"], \"s_pog\": [\"Ясно\"], \"s_pch\": \"Со снежным накатом\", \"osv\": \"Светлое время суток\", \"change_org_motion\": \"Режим движения не изменялся\", \"s_dtp\": \"990\", \"COORD_W\": \"69.6622\", \"COORD_L\": \"170.2369\", \"OBJ_DTP\": [\"Отсутствие в непосредственной близости объектов УДС и объектов притяжения\"], \"uchInfo\": []}}, {\"KartId\": 204437364, \"rowNum\": 4, \"date\": \"06.04.2017\", \"Time\": \"00:30\", \"District\": \"Чаунский район\", \"DTP_V\": \"Опрокидывание\", \"POG\": 0, \"RAN\": 1, \"K_TS\": 1, \"K_UCH\": 1, \"infoDtp\": {\"ndu\": [\"Не установлены\"], \"sdor\": [\"Перегон (нет объектов на месте ДТП)\"], \"ts_info\": [{\"n_ts\": \"1\", \"ts_s\": \"Нет\", \"t_ts\": \"Снегоходы\", \"marka_ts\": \"МАЗ-МАН\", \"m_ts\": \"64016\", \"color\": \"Оранжевый\", \"r_rul\": \"Иной\", \"g_v\": \"1985\", \"m_pov\": \"Передний правый угол | Передний левый угол\", \"t_n\": \"Технические неисправности отсутствуют\", \"f_sob\": \"Частная собственность\", \"o_pf\": \"Физические лица\", \"ts_uch\": [{\"K_UCH\": \"Водитель\", \"NPDD\": [\"Другие нарушения ПДД водителем\"], \"S_T\": \"Раненый, находящийся (находившийся) на стационарном лечении\", \"POL\": \"Женский\", \"V_ST\": \"0\", \"ALCO\": \"02\", \"SOP_NPDD\": [\"Употребление водителем алкогольных напитков, наркотических, психотропных или иных одурманивающих веществ после дорожно-транспортного происшествия, к которому он причастен, до проведения освидетельствования с целью установления состояния опьянения или до принятия решения об освобождении от проведения такого освидетельствовани\"], \"SAFETY_BELT\": \"Да\", \"S_SM\": \"Нет (не скрывался)\", \"N_UCH\": \"1\", \"S_SEAT_GROUP\": \"\", \"INJURED_CARD_ID\": \"\"}]}], \"n_p\": \"\", \"street\": \"\", \"house\": \"\", \"dor\": \"\", \"km\": \"0\", \"m\": \"0\", \"k_ul\": \"Вне НП\", \"dor_k\": \"\", \"dor_z\": \"Другие места\", \"factor\": [\"Сведения отсутствуют\"], \"s_pog\": [\"Туман\"], \"s_pch\": \"Заснеженное\", \"osv\": \"В темное время суток, освещение отсутствует\", \"change_org_motion\": \"Режим движения не изменялся\", \"s_dtp\": \"990\", \"COORD_W\": \"67.9656\", \"COORD_L\": \"170.0183\", \"OBJ_DTP\": [\"Отсутствие в непосредственной близости объектов УДС и объектов притяжения\"], \"uchInfo\": []}}, {\"KartId\": 204255281, \"rowNum\": 5, \"date\": \"17.03.2017\", \"Time\": \"09:00\", \"District\": \"Чаунский район\", \"DTP_V\": \"Наезд на пешехода\", \"POG\": 0, \"RAN\": 1, \"K_TS\": 1, \"K_UCH\": 3, \"infoDtp\": {\"ndu\": [\"Не установлены\"], \"sdor\": [\"Перегон (нет объектов на месте ДТП)\", \"Выезд с прилегающей территории\"], \"ts_info\": [{\"n_ts\": \"1\", \"ts_s\": \"Нет\", \"t_ts\": \"Прочие легковые автомобили\", \"marka_ts\": \"TOYOTA\", \"m_ts\": \"Sprinter\", \"color\": \"Синий\", \"r_rul\": \"Передний\", \"g_v\": \"1991\", \"m_pov\": \"\", \"t_n\": \"Иные неисправности\", \"f_sob\": \"Частная собственность\", \"o_pf\": \"Физические лица\", \"ts_uch\": [{\"K_UCH\": \"Водитель\", \"NPDD\": [\"Эксплуатация технически неисправного ТС (проставляется в случае ДТП по причине технеисправности)\"], \"S_T\": \"Не пострадал\", \"POL\": \"Мужской\", \"V_ST\": \"4\", \"ALCO\": \"\", \"SOP_NPDD\": [\"Другие нарушения ПДД водителем\"], \"SAFETY_BELT\": \"Да\", \"S_SM\": \"Нет (не скрывался)\", \"N_UCH\": \"3\", \"S_SEAT_GROUP\": \"\", \"INJURED_CARD_ID\": \"\"}]}], \"n_p\": \"г Певек\", \"street\": \"ул Куваева\", \"house\": \"17\", \"dor\": \"\", \"km\": \"\", \"m\": \"\", \"k_ul\": \"Улицы и дороги местного значения в жилой застройке\", \"dor_k\": \"\", \"dor_z\": \"Местного значения (дороги местного значения, включая относящиеся к собственности поселений, муниципальных районов, городских округов)\", \"factor\": [\"Сведения отсутствуют\"], \"s_pog\": [\"Ясно\"], \"s_pch\": \"Со снежным накатом\", \"osv\": \"Светлое время суток\", \"change_org_motion\": \"Режим движения не изменялся\", \"s_dtp\": \"990\", \"COORD_W\": \"69.6942\", \"COORD_L\": \"170.2831\", \"OBJ_DTP\": [\"Остановка общественного транспорта\", \"Лечебные учреждения\"], \"uchInfo\": [{\"K_UCH\": \"Пешеход\", \"NPDD\": [\"Нет нарушений\"], \"S_T\": \"Получил травмы с оказанием разовой медицинской помощи, к категории раненый не относится\", \"POL\": \"Женский\", \"V_ST\": \"\", \"ALCO\": \"\", \"SOP_NPDD\": [\"Нет нарушений\"], \"S_SM\": \"Нет (не скрывался)\", \"N_UCH\": \"1\"}, {\"K_UCH\": \"Пешеход\", \"NPDD\": [\"Нет нарушений\"], \"S_T\": \"Раненый, находящийся (находившийся)  на амбулаторном лечении, либо которому по характеру полученных травм обозначена необходимость амбулаторного лечения (вне зависимости от его фактического прохождения)\", \"POL\": \"Женский\", \"V_ST\": \"\", \"ALCO\": \"\", \"SOP_NPDD\": [\"Нет нарушений\"], \"S_SM\": \"Нет (не скрывался)\", \"N_UCH\": \"2\"}]}}, {\"KartId\": 204009593, \"rowNum\": 6, \"date\": \"28.02.2017\", \"Time\": \"17:30\", \"District\": \"Чаунский район\", \"DTP_V\": \"Столкновение\", \"POG\": 0, \"RAN\": 1, \"K_TS\": 2, \"K_UCH\": 4, \"infoDtp\": {\"ndu\": [\"Не установлены\"], \"sdor\": [\"Перегон (нет объектов на месте ДТП)\", \"Нерегулируемый пешеходный переход\"], \"ts_info\": [{\"n_ts\": \"1\", \"ts_s\": \"Нет\", \"t_ts\": \"Прочие легковые автомобили\", \"marka_ts\": \"УАЗ\", \"m_ts\": \"2206\", \"color\": \"Иные цвета\", \"r_rul\": \"Полноприводный\", \"g_v\": \"2001\", \"m_pov\": \"Передний левый угол\", \"t_n\": \"Технические неисправности отсутствуют\", \"f_sob\": \"Частная собственность\", \"o_pf\": \"Физические лица\", \"ts_uch\": [{\"K_UCH\": \"Водитель\", \"NPDD\": [\"Выезд на полосу встречного движения\"], \"S_T\": \"Не пострадал\", \"POL\": \"Мужской\", \"V_ST\": \"2\", \"ALCO\": \"\", \"SOP_NPDD\": [\"Несоответствие скорости конкретным условиям движения\"], \"SAFETY_BELT\": \"Да\", \"S_SM\": \"Нет (не скрывался)\", \"N_UCH\": \"1\", \"S_SEAT_GROUP\": \"\", \"INJURED_CARD_ID\": \"\"}]}, {\"n_ts\": \"2\", \"ts_s\": \"Нет\", \"t_ts\": \"Прочие легковые автомобили\", \"marka_ts\": \"NISSAN\", \"m_ts\": \"Прочие модели Nissan\", \"color\": \"Белый\", \"r_rul\": \"Передний\", \"g_v\": \"2002\", \"m_pov\": \"Передний левый угол\", \"t_n\": \"Технические неисправности отсутствуют\", \"f_sob\": \"Частная собственность\", \"o_pf\": \"Физические лица\", \"ts_uch\": [{\"K_UCH\": \"Пассажир\", \"NPDD\": [\"Нет нарушений\"], \"S_T\": \"Не пострадал\", \"POL\": \"Женский\", \"V_ST\": \"\", \"ALCO\": \"\", \"SOP_NPDD\": [\"Нет нарушений\"], \"SAFETY_BELT\": \"Да\", \"S_SM\": \"Нет (не скрывался)\", \"N_UCH\": \"4\", \"S_SEAT_GROUP\": \"\", \"INJURED_CARD_ID\": \"\"}, {\"K_UCH\": \"Пассажир\", \"NPDD\": [\"Нет нарушений\"], \"S_T\": \"Раненый, находящийся (находившийся)  на амбулаторном лечении, либо которому по характеру полученных травм обозначена необходимость амбулаторного лечения (вне зависимости от его фактического прохождения)\", \"POL\": \"Женский\", \"V_ST\": \"\", \"ALCO\": \"\", \"SOP_NPDD\": [\"Нет нарушений\"], \"SAFETY_BELT\": \"Да\", \"S_SM\": \"Нет (не скрывался)\", \"N_UCH\": \"3\", \"S_SEAT_GROUP\": \"\", \"INJURED_CARD_ID\": \"\"}, {\"K_UCH\": \"Водитель\", \"NPDD\": [\"Нет нарушений\"], \"S_T\": \"Не пострадал\", \"POL\": \"Мужской\", \"V_ST\": \"18\", \"ALCO\": \"\", \"SOP_NPDD\": [\"Нет нарушений\"], \"SAFETY_BELT\": \"Да\", \"S_SM\": \"Нет (не скрывался)\", \"N_UCH\": \"2\", \"S_SEAT_GROUP\": \"\", \"INJURED_CARD_ID\": \"\"}]}], \"n_p\": \"г Певек\", \"street\": \"ул Пугачева\", \"house\": \"42 1\", \"dor\": \"\", \"km\": \"\", \"m\": \"\", \"k_ul\": \"Улицы и дороги местного значения в жилой застройке\", \"dor_k\": \"\", \"dor_z\": \"Местного значения (дороги местного значения, включая относящиеся к собственности поселений, муниципальных районов, городских округов)\", \"factor\": [\"Сведения отсутствуют\"], \"s_pog\": [\"Ясно\"], \"s_pch\": \"Со снежным накатом\", \"osv\": \"Светлое время суток\", \"change_org_motion\": \"Режим движения не изменялся\", \"s_dtp\": \"210\", \"COORD_W\": \"69.705\", \"COORD_L\": \"170.3069\", \"OBJ_DTP\": [\"Остановка общественного транспорта\", \"Многоквартирные жилые дома\"], \"uchInfo\": []}}, {\"KartId\": 203262478, \"rowNum\": 7, \"date\": \"10.01.2017\", \"Time\": \"09:20\", \"District\": \"Чаунский район\", \"DTP_V\": \"Наезд на препятствие\", \"POG\": 0, \"RAN\": 2, \"K_TS\": 1, \"K_UCH\": 2, \"infoDtp\": {\"ndu\": [\"Не установлены\"], \"sdor\": [\"Перегон (нет объектов на месте ДТП)\"], \"ts_info\": [{\"n_ts\": \"1\", \"ts_s\": \"Нет\", \"t_ts\": \"В-класс (малый) до 3,9 м\", \"marka_ts\": \"УАЗ\", \"m_ts\": \"УАЗ 3153\", \"color\": \"Зеленый\", \"r_rul\": \"Передний\", \"g_v\": \"2013\", \"m_pov\": \"Полная деформация кузова | Смещение заднего моста\", \"t_n\": \"Технические неисправности отсутствуют\", \"f_sob\": \"Частная собственность\", \"o_pf\": \"Физические лица\", \"ts_uch\": [{\"K_UCH\": \"Пассажир\", \"NPDD\": [\"Нет нарушений\"], \"S_T\": \"Раненый, находящийся (находившийся)  на амбулаторном лечении, либо которому по характеру полученных травм обозначена необходимость амбулаторного лечения (вне зависимости от его фактического прохождения)\", \"POL\": \"Мужской\", \"V_ST\": \"\", \"ALCO\": \"\", \"SOP_NPDD\": [\"Нарушение правил применения ремней безопасности пассажиром\"], \"SAFETY_BELT\": \"Нет\", \"S_SM\": \"Нет (не скрывался)\", \"N_UCH\": \"2\", \"S_SEAT_GROUP\": \"\", \"INJURED_CARD_ID\": \"\"}, {\"K_UCH\": \"Водитель\", \"NPDD\": [\"Несоответствие скорости конкретным условиям движения\"], \"S_T\": \"Раненый, находящийся (находившийся)  на амбулаторном лечении, либо которому по характеру полученных травм обозначена необходимость амбулаторного лечения (вне зависимости от его фактического прохождения)\", \"POL\": \"Мужской\", \"V_ST\": \"6\", \"ALCO\": \"\", \"SOP_NPDD\": [\"Отказ водителя от прохождения медицинского освидетельствования на состояние опьянения\"], \"SAFETY_BELT\": \"Да\", \"S_SM\": \"Нет (не скрывался)\", \"N_UCH\": \"1\", \"S_SEAT_GROUP\": \"\", \"INJURED_CARD_ID\": \"\"}]}], \"n_p\": \"г Певек\", \"street\": \"ул Куваева\", \"house\": \"51\", \"dor\": \"\", \"km\": \"\", \"m\": \"\", \"k_ul\": \"Улицы и дороги местного значения в жилой застройке\", \"dor_k\": \"\", \"dor_z\": \"Местного значения (дороги местного значения, включая относящиеся к собственности поселений, муниципальных районов, городских округов)\", \"factor\": [\"Сведения отсутствуют\"], \"s_pog\": [\"Ясно\"], \"s_pch\": \"Со снежным накатом\", \"osv\": \"В темное время суток, освещение включено\", \"change_org_motion\": \"Режим движения не изменялся\", \"s_dtp\": \"990\", \"COORD_W\": \"69.6856\", \"COORD_L\": \"70.2939\", \"OBJ_DTP\": [\"Отсутствие в непосредственной близости объектов УДС и объектов притяжения\"], \"uchInfo\": []}}, {\"KartId\": 206746611, \"rowNum\": 1, \"date\": \"29.08.2017\", \"Time\": \"09:00\", \"District\": \"Иультинский район\", \"DTP_V\": \"Съезд с дороги\", \"POG\": 1, \"RAN\": 0, \"K_TS\": 1, \"K_UCH\": 1, \"infoDtp\": {\"ndu\": [\"Не установлены\"], \"sdor\": [\"Перегон (нет объектов на месте ДТП)\"], \"ts_info\": [{\"n_ts\": \"1\", \"ts_s\": \"Нет\", \"t_ts\": \"Прочие легковые автомобили\", \"marka_ts\": \"NISSAN\", \"m_ts\": \"Datsun\", \"color\": \"Белый\", \"r_rul\": \"Полноприводный\", \"g_v\": \"1991\", \"m_pov\": \"\", \"t_n\": \"Неисправность внешних световых приборов | Иные неисправности\", \"f_sob\": \"Частная собственность\", \"o_pf\": \"Физические лица\", \"ts_uch\": [{\"K_UCH\": \"Водитель\", \"NPDD\": [\"Другие нарушения ПДД водителем\"], \"S_T\": \"Скончался на месте ДТП до приезда скорой медицинской помощи\", \"POL\": \"Мужской\", \"V_ST\": \"0\", \"ALCO\": \"\", \"SOP_NPDD\": [\"Эксплуатация технически неисправного ТС (проставляется в случае ДТП по причине технеисправности)\"], \"SAFETY_BELT\": \"Да\", \"S_SM\": \"Нет (не скрывался)\", \"N_UCH\": \"1\", \"S_SEAT_GROUP\": \"\", \"INJURED_CARD_ID\": \"\"}]}], \"n_p\": \"пгт Мыс Шмидта\", \"street\": \"ул Набережная\", \"house\": \"16\", \"dor\": \"\", \"km\": \"\", \"m\": \"\", \"k_ul\": \"Поселковые дороги\", \"dor_k\": \"\", \"dor_z\": \"Местного значения (дороги местного значения, включая относящиеся к собственности поселений, муниципальных районов, городских округов)\", \"factor\": [\"Сведения отсутствуют\"], \"s_pog\": [\"Ясно\"], \"s_pch\": \"Сухое\", \"osv\": \"Сумерки\", \"change_org_motion\": \"Режим движения не изменялся\", \"s_dtp\": \"890\", \"COORD_W\": \"68.9106\", \"COORD_L\": \"179.4922\", \"OBJ_DTP\": [\"Отсутствие в непосредственной близости объектов УДС и объектов притяжения\"], \"uchInfo\": []}}, {\"KartId\": 205728750, \"rowNum\": 2, \"date\": \"08.07.2017\", \"Time\": \"00:20\", \"District\": \"Иультинский район\", \"DTP_V\": \"Наезд на препятствие\", \"POG\": 0, \"RAN\": 1, \"K_TS\": 1, \"K_UCH\": 2, \"infoDtp\": {\"ndu\": [\"Не установлены\"], \"sdor\": [\"Перегон (нет объектов на месте ДТП)\", \"Иное место\"], \"ts_info\": [{\"n_ts\": \"1\", \"ts_s\": \"Нет\", \"t_ts\": \"Мотоциклы\", \"marka_ts\": \"Прочие марки ТС\", \"m_ts\": \"Прочие марки и модели ТС\", \"color\": \"Многоцветный\", \"r_rul\": \"Иной\", \"g_v\": \"1998\", \"m_pov\": \"\", \"t_n\": \"Технические неисправности отсутствуют\", \"f_sob\": \"Частная собственность\", \"o_pf\": \"Физические лица\", \"ts_uch\": [{\"K_UCH\": \"Водитель\", \"NPDD\": [\"Неповиновение или сопротивление находящемуся при исполнении служебных обязанностей сотруднику правоохранительных органов или военнослужащему при остановке или задержании ТС\"], \"S_T\": \"Не пострадал\", \"POL\": \"Женский\", \"V_ST\": \"0\", \"ALCO\": \"\", \"SOP_NPDD\": [\"Нарушение правил применения мотошлема\", \"Эксплуатация незарегистрированного ТС\"], \"SAFETY_BELT\": \"Да\", \"S_SM\": \"Нет (не скрывался)\", \"N_UCH\": \"1\", \"S_SEAT_GROUP\": \"\", \"INJURED_CARD_ID\": \"\"}, {\"K_UCH\": \"Пассажир\", \"NPDD\": [\"Иные нарушения\"], \"S_T\": \"Раненый, находящийся (находившийся)  на амбулаторном лечении, либо которому по характеру полученных травм обозначена необходимость амбулаторного лечения (вне зависимости от его фактического прохождения)\", \"POL\": \"Мужской\", \"V_ST\": \"\", \"ALCO\": \"\", \"SOP_NPDD\": [\"Нарушение правил применения мотошлема пассажиром\"], \"SAFETY_BELT\": \"Да\", \"S_SM\": \"Нет (не скрывался)\", \"N_UCH\": \"2\", \"S_SEAT_GROUP\": \"\", \"INJURED_CARD_ID\": \"\"}]}], \"n_p\": \"с Рыркайпий\", \"street\": \"ул Мира\", \"house\": \"23\", \"dor\": \"\", \"km\": \"\", \"m\": \"\", \"k_ul\": \"Улицы и дороги местного значения в жилой застройке\", \"dor_k\": \"\", \"dor_z\": \"Местного значения (дороги местного значения, включая относящиеся к собственности поселений, муниципальных районов, городских округов)\", \"factor\": [\"Сведения отсутствуют\"], \"s_pog\": [\"Ясно\"], \"s_pch\": \"Загрязненное\", \"osv\": \"Светлое время суток\", \"change_org_motion\": \"Режим движения не изменялся\", \"s_dtp\": \"590\", \"COORD_W\": \"68.9142\", \"COORD_L\": \"179.4731\", \"OBJ_DTP\": [\"Многоквартирные жилые дома\"], \"uchInfo\": []}}, {\"KartId\": 205441342, \"rowNum\": 3, \"date\": \"17.06.2017\", \"Time\": \"22:00\", \"District\": \"Иультинский район\", \"DTP_V\": \"Наезд на препятствие\", \"POG\": 1, \"RAN\": 1, \"K_TS\": 1, \"K_UCH\": 2, \"infoDtp\": {\"ndu\": [\"Не установлены\"], \"sdor\": [\"Перегон (нет объектов на месте ДТП)\", \"Внутридворовая территория\"], \"ts_info\": [{\"n_ts\": \"1\", \"ts_s\": \"Нет\", \"t_ts\": \"Квадрициклы\", \"marka_ts\": \"SVM\", \"m_ts\": \"Прочие модели SVM\", \"color\": \"Желтый\", \"r_rul\": \"Иной\", \"g_v\": \"2012\", \"m_pov\": \"Передний правый угол | Передний левый угол\", \"t_n\": \"Технические неисправности отсутствуют\", \"f_sob\": \"Частная собственность\", \"o_pf\": \"Физические лица\", \"ts_uch\": [{\"K_UCH\": \"Водитель\", \"NPDD\": [\"Другие нарушения ПДД водителем\"], \"S_T\": \"Раненый, находящийся (находившийся) на стационарном лечении\", \"POL\": \"Женский\", \"V_ST\": \"95\", \"ALCO\": \"\", \"SOP_NPDD\": [\"Управление ТС лицом, не имеющим права на управление ТС\"], \"SAFETY_BELT\": \"Да\", \"S_SM\": \"Нет (не скрывался)\", \"N_UCH\": \"1\", \"S_SEAT_GROUP\": \"\", \"INJURED_CARD_ID\": \"\"}, {\"K_UCH\": \"Пассажир\", \"NPDD\": [\"Нет нарушений\"], \"S_T\": \"Скончался в течение 2 суток\", \"POL\": \"Мужской\", \"V_ST\": \"\", \"ALCO\": \"\", \"SOP_NPDD\": [\"Нет нарушений\"], \"SAFETY_BELT\": \"Да\", \"S_SM\": \"Нет (не скрывался)\", \"N_UCH\": \"2\", \"S_SEAT_GROUP\": \"\", \"INJURED_CARD_ID\": \"\"}]}], \"n_p\": \"с Конергино\", \"street\": \"ул Чукотская\", \"house\": \"12\", \"dor\": \"\", \"km\": \"\", \"m\": \"\", \"k_ul\": \"Улицы и дороги местного значения в жилой застройке\", \"dor_k\": \"\", \"dor_z\": \"Местного значения (дороги местного значения, включая относящиеся к собственности поселений, муниципальных районов, городских округов)\", \"factor\": [\"Сведения отсутствуют\"], \"s_pog\": [\"Ясно\"], \"s_pch\": \"Сухое\", \"osv\": \"Светлое время суток\", \"change_org_motion\": \"Режим движения не изменялся\", \"s_dtp\": \"990\", \"COORD_W\": \"65.15\", \"COORD_L\": \"178.1425\", \"OBJ_DTP\": [\"Жилые дома индивидуальной застройки\"], \"uchInfo\": []}}, {\"KartId\": 204089289, \"rowNum\": 4, \"date\": \"05.03.2017\", \"Time\": \"09:30\", \"District\": \"Иультинский район\", \"DTP_V\": \"Падение пассажира\", \"POG\": 0, \"RAN\": 2, \"K_TS\": 1, \"K_UCH\": 3, \"infoDtp\": {\"ndu\": [\"Не установлены\"], \"sdor\": [\"Перегон (нет объектов на месте ДТП)\", \"Иное место\"], \"ts_info\": [{\"n_ts\": \"1\", \"ts_s\": \"до 1 сут.\", \"t_ts\": \"Одноэтажные длиной от 8 до 12 м\", \"marka_ts\": \"УРАЛ\", \"m_ts\": \"3255\", \"color\": \"Синий\", \"r_rul\": \"Передний\", \"g_v\": \"2012\", \"m_pov\": \"\", \"t_n\": \"Технические неисправности отсутствуют\", \"f_sob\": \"Федеральная собственность\", \"o_pf\": \"Юридические лица, являющиеся коммерческими организациями\", \"ts_uch\": [{\"K_UCH\": \"Пассажир\", \"NPDD\": [\"Иные нарушения\"], \"S_T\": \"Раненый, находящийся (находившийся)  на амбулаторном лечении, либо которому по характеру полученных травм обозначена необходимость амбулаторного лечения (вне зависимости от его фактического прохождения)\", \"POL\": \"Женский\", \"V_ST\": \"\", \"ALCO\": \"\", \"SOP_NPDD\": [\"Нарушение правил применения ремней безопасности пассажиром\"], \"SAFETY_BELT\": \"Нет\", \"S_SM\": \"Нет (не скрывался)\", \"N_UCH\": \"3\", \"S_SEAT_GROUP\": \"\", \"INJURED_CARD_ID\": \"\"}, {\"K_UCH\": \"Пассажир\", \"NPDD\": [\"Иные нарушения\"], \"S_T\": \"Раненый, находящийся (находившийся) на стационарном лечении\", \"POL\": \"Женский\", \"V_ST\": \"\", \"ALCO\": \"\", \"SOP_NPDD\": [\"Нарушение правил применения ремней безопасности пассажиром\"], \"SAFETY_BELT\": \"Нет\", \"S_SM\": \"Нет (не скрывался)\", \"N_UCH\": \"1\", \"S_SEAT_GROUP\": \"\", \"INJURED_CARD_ID\": \"\"}, {\"K_UCH\": \"Водитель\", \"NPDD\": [\"Несоответствие скорости конкретным условиям движения\"], \"S_T\": \"Не пострадал\", \"POL\": \"Мужской\", \"V_ST\": \"20\", \"ALCO\": \"\", \"SOP_NPDD\": [\"Нарушение водителем правил применения ремней безопасности (ставится в случае, когда не пристегнут пассажир)\"], \"SAFETY_BELT\": \"Да\", \"S_SM\": \"Нет (не скрывался)\", \"N_UCH\": \"2\", \"S_SEAT_GROUP\": \"\", \"INJURED_CARD_ID\": \"\"}]}], \"n_p\": \"\", \"street\": \"\", \"house\": \"\", \"dor\": \"\", \"km\": \"0\", \"m\": \"0\", \"k_ul\": \"Вне НП\", \"dor_k\": \"\", \"dor_z\": \"Другие места\", \"factor\": [\"Сведения отсутствуют\"], \"s_pog\": [\"Ясно\"], \"s_pch\": \"Со снежным накатом\", \"osv\": \"Светлое время суток\", \"change_org_motion\": \"Режим движения не изменялся\", \"s_dtp\": \"990\", \"COORD_W\": \"66.3214\", \"COORD_L\": \"179.1219\", \"OBJ_DTP\": [\"Отсутствие в непосредственной близости объектов УДС и объектов притяжения\"], \"uchInfo\": []}}, {\"KartId\": 206242082, \"rowNum\": 1, \"date\": \"19.08.2017\", \"Time\": \"20:20\", \"District\": \"Билибинский район\", \"DTP_V\": \"Съезд с дороги\", \"POG\": 0, \"RAN\": 1, \"K_TS\": 1, \"K_UCH\": 2, \"infoDtp\": {\"ndu\": [\"Не установлены\"], \"sdor\": [\"Перегон (нет объектов на месте ДТП)\", \"Иное место\"], \"ts_info\": [{\"n_ts\": \"1\", \"ts_s\": \"Нет\", \"t_ts\": \"Прочие легковые автомобили\", \"marka_ts\": \"УАЗ\", \"m_ts\": \"Прочие модели УАЗ\", \"color\": \"Иные цвета\", \"r_rul\": \"Полноприводный\", \"g_v\": \"2012\", \"m_pov\": \"Передний правый угол | Передний левый угол | Крыша\", \"t_n\": \"Технические неисправности отсутствуют\", \"f_sob\": \"Федеральная собственность\", \"o_pf\": \"Юридические лица, являющиеся некоммерческими организациями\", \"ts_uch\": [{\"K_UCH\": \"Водитель\", \"NPDD\": [\"Нет нарушений\"], \"S_T\": \"Раненый, находящийся (находившийся) на стационарном лечении\", \"POL\": \"Мужской\", \"V_ST\": \"95\", \"ALCO\": \"\", \"SOP_NPDD\": [\"Управление ТС лицом, не имеющим права на управление ТС\"], \"SAFETY_BELT\": \"Да\", \"S_SM\": \"Нет (не скрывался)\", \"N_UCH\": \"1\", \"S_SEAT_GROUP\": \"\", \"INJURED_CARD_ID\": \"\"}, {\"K_UCH\": \"Пассажир\", \"NPDD\": [\"Нет нарушений\"], \"S_T\": \"Не пострадал\", \"POL\": \"Мужской\", \"V_ST\": \"\", \"ALCO\": \"\", \"SOP_NPDD\": [\"Нет нарушений\"], \"SAFETY_BELT\": \"Да\", \"S_SM\": \"Нет (не скрывался)\", \"N_UCH\": \"2\", \"S_SEAT_GROUP\": \"\", \"INJURED_CARD_ID\": \"\"}]}], \"n_p\": \"г Билибино\", \"street\": \"\", \"house\": \"\", \"dor\": \"\", \"km\": \"0\", \"m\": \"0\", \"k_ul\": \"Вне НП\", \"dor_k\": \"\", \"dor_z\": \"Другие места\", \"factor\": [\"Сведения отсутствуют\"], \"s_pog\": [\"Ясно\"], \"s_pch\": \"Сухое\", \"osv\": \"Светлое время суток\", \"change_org_motion\": \"Режим движения не изменялся\", \"s_dtp\": \"610\", \"COORD_W\": \"68.0581\", \"COORD_L\": \"166.4581\", \"OBJ_DTP\": [\"Отсутствие в непосредственной близости объектов УДС и объектов притяжения\"], \"uchInfo\": []}}, {\"KartId\": 205735546, \"rowNum\": 2, \"date\": \"09.07.2017\", \"Time\": \"00:10\", \"District\": \"Билибинский район\", \"DTP_V\": \"Опрокидывание\", \"POG\": 0, \"RAN\": 1, \"K_TS\": 1, \"K_UCH\": 1, \"infoDtp\": {\"ndu\": [\"Не установлены\"], \"sdor\": [\"Перегон (нет объектов на месте ДТП)\", \"Иное место\"], \"ts_info\": [{\"n_ts\": \"1\", \"ts_s\": \"Нет\", \"t_ts\": \"Мотоциклы\", \"marka_ts\": \"HONDA\", \"m_ts\": \"XR\", \"color\": \"Многоцветный\", \"r_rul\": \"Иной\", \"g_v\": \"1995\", \"m_pov\": \"\", \"t_n\": \"Технические неисправности отсутствуют\", \"f_sob\": \"Частная собственность\", \"o_pf\": \"Физические лица\", \"ts_uch\": [{\"K_UCH\": \"Водитель\", \"NPDD\": [\"Другие нарушения ПДД водителем\"], \"S_T\": \"Раненый, находящийся (находившийся) на стационарном лечении\", \"POL\": \"Мужской\", \"V_ST\": \"19\", \"ALCO\": \"\", \"SOP_NPDD\": [\"Эксплуатация незарегистрированного ТС\"], \"SAFETY_BELT\": \"Да\", \"S_SM\": \"Нет (не скрывался)\", \"N_UCH\": \"1\", \"S_SEAT_GROUP\": \"\", \"INJURED_CARD_ID\": \"\"}]}], \"n_p\": \"с Илирней\", \"street\": \"\", \"house\": \"\", \"dor\": \"\", \"km\": \"0\", \"m\": \"0\", \"k_ul\": \"Вне НП\", \"dor_k\": \"\", \"dor_z\": \"Другие места\", \"factor\": [\"Сведения отсутствуют\"], \"s_pog\": [\"Ясно\"], \"s_pch\": \"Сухое\", \"osv\": \"Светлое время суток\", \"change_org_motion\": \"Режим движения не изменялся\", \"s_dtp\": \"990\", \"COORD_W\": \"74.1081\", \"COORD_L\": \"64.495\", \"OBJ_DTP\": [\"Отсутствие в непосредственной близости объектов УДС и объектов притяжения\"], \"uchInfo\": []}}, {\"KartId\": 206297206, \"rowNum\": 1, \"date\": \"25.08.2017\", \"Time\": \"12:15\", \"District\": \"Анадырский район\", \"DTP_V\": \"Опрокидывание\", \"POG\": 0, \"RAN\": 1, \"K_TS\": 1, \"K_UCH\": 1, \"infoDtp\": {\"ndu\": [\"Не установлены\"], \"sdor\": [\"Перегон (нет объектов на месте ДТП)\"], \"ts_info\": [{\"n_ts\": \"1\", \"ts_s\": \"Нет\", \"t_ts\": \"Транспортные средства оперативно-служебные для перевозки лиц, находящихся под стражей\", \"marka_ts\": \"УРАЛ\", \"m_ts\": \"4320\", \"color\": \"Зеленый\", \"r_rul\": \"Полноприводный\", \"g_v\": \"2000\", \"m_pov\": \"Передний правый бок (передняя дверь пассажира, в случае ТС с правым расположением руля передняя дверь водителя) | Задний правый бок (задняя дверь пассажира)\", \"t_n\": \"Технические неисправности отсутствуют\", \"f_sob\": \"Частная собственность\", \"o_pf\": \"Физические лица\", \"ts_uch\": [{\"K_UCH\": \"Водитель\", \"NPDD\": [\"Нет нарушений\"], \"S_T\": \"Раненый, находящийся (находившийся) на стационарном лечении\", \"POL\": \"Мужской\", \"V_ST\": \"3\", \"ALCO\": \"\", \"SOP_NPDD\": [\"Другие нарушения ПДД водителем\"], \"SAFETY_BELT\": \"Да\", \"S_SM\": \"Нет (не скрывался)\", \"N_UCH\": \"1\", \"S_SEAT_GROUP\": \"\", \"INJURED_CARD_ID\": \"\"}]}], \"n_p\": \"с Усть-Белая\", \"street\": \"\", \"house\": \"\", \"dor\": \"\", \"km\": \"0\", \"m\": \"0\", \"k_ul\": \"Вне НП\", \"dor_k\": \"\", \"dor_z\": \"Другие места\", \"factor\": [\"Сведения отсутствуют\"], \"s_pog\": [\"Ясно\"], \"s_pch\": \"Сухое\", \"osv\": \"Светлое время суток\", \"change_org_motion\": \"Режим движения не изменялся\", \"s_dtp\": \"990\", \"COORD_W\": \"65.5039\", \"COORD_L\": \"173.275\", \"OBJ_DTP\": [\"Отсутствие в непосредственной близости объектов УДС и объектов притяжения\"], \"uchInfo\": []}}, {\"KartId\": 205189661, \"rowNum\": 2, \"date\": \"31.05.2017\", \"Time\": \"14:10\", \"District\": \"Анадырский район\", \"DTP_V\": \"Наезд на лицо, не являющееся участником дорожного движения, осуществляющее какую-либо другую деятельность\", \"POG\": 0, \"RAN\": 1, \"K_TS\": 2, \"K_UCH\": 2, \"infoDtp\": {\"ndu\": [\"Не установлены\"], \"sdor\": [\"Перегон (нет объектов на месте ДТП)\", \"Иное место\"], \"ts_info\": [{\"n_ts\": \"1\", \"ts_s\": \"Нет\", \"t_ts\": \"В-класс (малый) до 3,9 м\", \"marka_ts\": \"TOYOTA\", \"m_ts\": \"Hiace\", \"color\": \"Коричневый\", \"r_rul\": \"Передний\", \"g_v\": \"1995\", \"m_pov\": \"Передний правый угол | Передний левый угол\", \"t_n\": \"Технические неисправности отсутствуют\", \"f_sob\": \"Частная собственность\", \"o_pf\": \"Физические лица\", \"ts_uch\": []}, {\"n_ts\": \"2\", \"ts_s\": \"Нет\", \"t_ts\": \"Автокраны и транспортные средства, оснащенные кранами-манипуляторами\", \"marka_ts\": \"УРАЛ\", \"m_ts\": \"Прочие модели Урал\", \"color\": \"Иные цвета\", \"r_rul\": \"Полноприводный\", \"g_v\": \"2002\", \"m_pov\": \"\", \"t_n\": \"Технические неисправности отсутствуют\", \"f_sob\": \"Муниципальная собственность\", \"o_pf\": \"Юридические лица, являющиеся некоммерческими организациями\", \"ts_uch\": [{\"K_UCH\": \"Водитель\", \"NPDD\": [\"Нарушение правил расположения ТС на проезжей части\", \"Несоблюдение условий, разрешающих движение транспорта задним ходом\"], \"S_T\": \"Не пострадал\", \"POL\": \"Мужской\", \"V_ST\": \"20\", \"ALCO\": \"\", \"SOP_NPDD\": [\"Нет нарушений\"], \"SAFETY_BELT\": \"Да\", \"S_SM\": \"Нет (не скрывался)\", \"N_UCH\": \"2\", \"S_SEAT_GROUP\": \"\", \"INJURED_CARD_ID\": \"\"}]}], \"n_p\": \"пгт Угольные Копи\", \"street\": \"\", \"house\": \"\", \"dor\": \"\", \"km\": \"0\", \"m\": \"0\", \"k_ul\": \"Вне НП\", \"dor_k\": \"\", \"dor_z\": \"Другие места\", \"factor\": [\"Сведения отсутствуют\"], \"s_pog\": [\"Ясно\"], \"s_pch\": \"Сухое\", \"osv\": \"Светлое время суток\", \"change_org_motion\": \"Режим движения не изменялся\", \"s_dtp\": \"990\", \"COORD_W\": \"64.7403\", \"COORD_L\": \"177.6453\", \"OBJ_DTP\": [\"Отсутствие в непосредственной близости объектов УДС и объектов притяжения\"], \"uchInfo\": [{\"K_UCH\": \"Пешеход, перед ДТП находившийся в (на) ТС в качестве водителя или пешеход, перед ДТП находившийся в (на) ТС в качестве пассажира\", \"NPDD\": [\"Нет нарушений\"], \"S_T\": \"Раненый, находящийся (находившийся)  на амбулаторном лечении, либо которому по характеру полученных травм обозначена необходимость амбулаторного лечения (вне зависимости от его фактического прохождения)\", \"POL\": \"Мужской\", \"V_ST\": \"\", \"ALCO\": \"\", \"SOP_NPDD\": [\"Нет нарушений\"], \"S_SM\": \"Нет (не скрывался)\", \"N_UCH\": \"1\"}]}}, {\"KartId\": 203774357, \"rowNum\": 3, \"date\": \"04.02.2017\", \"Time\": \"06:45\", \"District\": \"Анадырский район\", \"DTP_V\": \"Опрокидывание\", \"POG\": 0, \"RAN\": 1, \"K_TS\": 1, \"K_UCH\": 1, \"infoDtp\": {\"ndu\": [\"Недостатки зимнего содержания\"], \"sdor\": [\"Перегон (нет объектов на месте ДТП)\", \"Иное место\"], \"ts_info\": [{\"n_ts\": \"1\", \"ts_s\": \"Нет\", \"t_ts\": \"В-класс (малый) до 3,9 м\", \"marka_ts\": \"УАЗ\", \"m_ts\": \"Прочие модели УАЗ\", \"color\": \"Иные цвета\", \"r_rul\": \"Полноприводный\", \"g_v\": \"2004\", \"m_pov\": \"Крыша\", \"t_n\": \"Отсоединение колеса | Иные неисправности\", \"f_sob\": \"Частная собственность\", \"o_pf\": \"Физические лица\", \"ts_uch\": [{\"K_UCH\": \"Водитель\", \"NPDD\": [\"Несоответствие скорости конкретным условиям движения\"], \"S_T\": \"Раненый, находящийся (находившийся) на стационарном лечении\", \"POL\": \"Мужской\", \"V_ST\": \"5\", \"ALCO\": \"\", \"SOP_NPDD\": [\"Нарушение водителем правил применения ремней безопасности (ставится в случае, когда не пристегнут пассажир)\", \"Эксплуатация технически неисправного ТС (проставляется в случае ДТП по причине технеисправности)\"], \"SAFETY_BELT\": \"Да\", \"S_SM\": \"Нет (не скрывался)\", \"N_UCH\": \"1\", \"S_SEAT_GROUP\": \"\", \"INJURED_CARD_ID\": \"\"}]}], \"n_p\": \"пгт Шахтерский\", \"street\": \"\", \"house\": \"\", \"dor\": \"\", \"km\": \"0\", \"m\": \"0\", \"k_ul\": \"Вне НП\", \"dor_k\": \"\", \"dor_z\": \"Другие места\", \"factor\": [\"Сведения отсутствуют\"], \"s_pog\": [\"Пасмурно\"], \"s_pch\": \"Гололедица\", \"osv\": \"Сумерки\", \"change_org_motion\": \"Режим движения не изменялся\", \"s_dtp\": \"610\", \"COORD_W\": \"64.1169\", \"COORD_L\": \"177.9686\", \"OBJ_DTP\": [\"Отсутствие в непосредственной близости объектов УДС и объектов притяжения\"], \"uchInfo\": []}}, {\"KartId\": 207714158, \"rowNum\": 1, \"date\": \"23.11.2017\", \"Time\": \"17:58\", \"District\": \"г.Анадырь\", \"DTP_V\": \"Наезд на пешехода\", \"POG\": 0, \"RAN\": 1, \"K_TS\": 1, \"K_UCH\": 2, \"infoDtp\": {\"ndu\": [\"Недостатки зимнего содержания\"], \"sdor\": [\"Тротуар, пешеходная дорожка\"], \"ts_info\": [{\"n_ts\": \"1\", \"ts_s\": \"Нет\", \"t_ts\": \"Прочие легковые автомобили\", \"marka_ts\": \"TOYOTA\", \"m_ts\": \"Corolla\", \"color\": \"Серый\", \"r_rul\": \"Полноприводный\", \"g_v\": \"2008\", \"m_pov\": \"\", \"t_n\": \"Технические неисправности отсутствуют\", \"f_sob\": \"Частная собственность\", \"o_pf\": \"Физические лица\", \"ts_uch\": [{\"K_UCH\": \"Водитель\", \"NPDD\": [\"Несоответствие скорости конкретным условиям движения\"], \"S_T\": \"Не пострадал\", \"POL\": \"Мужской\", \"V_ST\": \"7\", \"ALCO\": \"\", \"SOP_NPDD\": [\"Нарушение правил расположения ТС на проезжей части\"], \"SAFETY_BELT\": \"Нет\", \"S_SM\": \"Нет (не скрывался)\", \"N_UCH\": \"2\", \"S_SEAT_GROUP\": \"\", \"INJURED_CARD_ID\": \"\"}]}], \"n_p\": \"г Анадырь\", \"street\": \"ул Рультытегина\", \"house\": \"15\", \"dor\": \"\", \"km\": \"\", \"m\": \"\", \"k_ul\": \"Улицы и дороги местного значения научно-производственных промышленных и коммунально-складских районов\", \"dor_k\": \"\", \"dor_z\": \"Местного значения (дороги местного значения, включая относящиеся к собственности поселений, муниципальных районов, городских округов)\", \"factor\": [\"Неудовлетворительное состояние тротуара или пешеходной дорожки (в  т.ч. недостатки зимнего содержания), затрудняющие или препятствующие движению пешеходов\"], \"s_pog\": [\"Снегопад\", \"Метель\"], \"s_pch\": \"Заснеженное\", \"osv\": \"В темное время суток, освещение включено\", \"change_org_motion\": \"Режим движения не изменялся\", \"s_dtp\": \"790\", \"COORD_W\": \"64.7364\", \"COORD_L\": \"177.4925\", \"OBJ_DTP\": [\"Нерегулируемый пешеходный переход\", \"Многоквартирные жилые дома\"], \"uchInfo\": [{\"K_UCH\": \"Пешеход\", \"NPDD\": [\"Иные нарушения\"], \"S_T\": \"Раненый, находящийся (находившийся)  на амбулаторном лечении, либо которому по характеру полученных травм обозначена необходимость амбулаторного лечения (вне зависимости от его фактического прохождения)\", \"POL\": \"Женский\", \"V_ST\": \"\", \"ALCO\": \"\", \"SOP_NPDD\": [\"Нет нарушений\"], \"S_SM\": \"Нет (не скрывался)\", \"N_UCH\": \"1\"}]}}, {\"KartId\": 207711920, \"rowNum\": 2, \"date\": \"22.11.2017\", \"Time\": \"09:07\", \"District\": \"г.Анадырь\", \"DTP_V\": \"Наезд на пешехода\", \"POG\": 0, \"RAN\": 1, \"K_TS\": 1, \"K_UCH\": 2, \"infoDtp\": {\"ndu\": [\"Не установлены\"], \"sdor\": [\"Регулируемый пешеходный переход\", \"Регулируемый перекресток\"], \"ts_info\": [{\"n_ts\": \"1\", \"ts_s\": \"до 1 сут.\", \"t_ts\": \"Прочие легковые автомобили\", \"marka_ts\": \"MAZDA\", \"m_ts\": \"Demio\", \"color\": \"Иные цвета\", \"r_rul\": \"Передний\", \"g_v\": \"2008\", \"m_pov\": \"\", \"t_n\": \"Технические неисправности отсутствуют\", \"f_sob\": \"Частная собственность\", \"o_pf\": \"Физические лица\", \"ts_uch\": [{\"K_UCH\": \"Водитель\", \"NPDD\": [\"Нарушение правил проезда пешеходного перехода\"], \"S_T\": \"Не пострадал\", \"POL\": \"Мужской\", \"V_ST\": \"4\", \"ALCO\": \"\", \"SOP_NPDD\": [\"Оставление места ДТП\"], \"SAFETY_BELT\": \"Нет\", \"S_SM\": \"Скрылся, впоследствии разыскан (установлен)\", \"N_UCH\": \"2\", \"S_SEAT_GROUP\": \"\", \"INJURED_CARD_ID\": \"\"}]}], \"n_p\": \"г Анадырь\", \"street\": \"ул Отке\", \"house\": \"17\", \"dor\": \"\", \"km\": \"\", \"m\": \"\", \"k_ul\": \"Магистральные улицы общегородского значения\", \"dor_k\": \"\", \"dor_z\": \"Местного значения (дороги местного значения, включая относящиеся к собственности поселений, муниципальных районов, городских округов)\", \"factor\": [\"Сведения отсутствуют\"], \"s_pog\": [\"Ясно\"], \"s_pch\": \"Обработанное противогололедными материалами\", \"osv\": \"Светлое время суток\", \"change_org_motion\": \"Режим движения не изменялся\", \"s_dtp\": \"710\", \"COORD_W\": \"64.7364\", \"COORD_L\": \"177.4925\", \"OBJ_DTP\": [\"Административные здания\", \"Многоквартирные жилые дома\"], \"uchInfo\": [{\"K_UCH\": \"Пешеход\", \"NPDD\": [\"Нет нарушений\"], \"S_T\": \"Раненый, находящийся (находившийся)  на амбулаторном лечении, либо которому по характеру полученных травм обозначена необходимость амбулаторного лечения (вне зависимости от его фактического прохождения)\", \"POL\": \"Женский\", \"V_ST\": \"\", \"ALCO\": \"\", \"SOP_NPDD\": [\"Нет нарушений\"], \"S_SM\": \"Нет (не скрывался)\", \"N_UCH\": \"1\"}]}}, {\"KartId\": 207711918, \"rowNum\": 3, \"date\": \"20.11.2017\", \"Time\": \"22:50\", \"District\": \"г.Анадырь\", \"DTP_V\": \"Наезд на пешехода\", \"POG\": 0, \"RAN\": 1, \"K_TS\": 1, \"K_UCH\": 2, \"infoDtp\": {\"ndu\": [\"Не установлены\"], \"sdor\": [\"Перегон (нет объектов на месте ДТП)\", \"Иное место\"], \"ts_info\": [{\"n_ts\": \"1\", \"ts_s\": \"Нет\", \"t_ts\": \"Прочие легковые автомобили\", \"marka_ts\": \"TOYOTA\", \"m_ts\": \"Прочие модели Toyota\", \"color\": \"Иные цвета\", \"r_rul\": \"Полноприводный\", \"g_v\": \"2004\", \"m_pov\": \"Передний левый угол\", \"t_n\": \"Технические неисправности отсутствуют\", \"f_sob\": \"Частная собственность\", \"o_pf\": \"Физические лица\", \"ts_uch\": [{\"K_UCH\": \"Водитель\", \"NPDD\": [\"Нет нарушений\"], \"S_T\": \"Не пострадал\", \"POL\": \"Женский\", \"V_ST\": \"4\", \"ALCO\": \"\", \"SOP_NPDD\": [\"Нет нарушений\"], \"SAFETY_BELT\": \"Нет\", \"S_SM\": \"Нет (не скрывался)\", \"N_UCH\": \"1\", \"S_SEAT_GROUP\": \"\", \"INJURED_CARD_ID\": \"\"}]}], \"n_p\": \"г Анадырь\", \"street\": \"ул Отке\", \"house\": \"54\", \"dor\": \"\", \"km\": \"\", \"m\": \"\", \"k_ul\": \"Магистральные улицы общегородского значения\", \"dor_k\": \"\", \"dor_z\": \"Местного значения (дороги местного значения, включая относящиеся к собственности поселений, муниципальных районов, городских округов)\", \"factor\": [\"Сведения отсутствуют\"], \"s_pog\": [\"Снегопад\", \"Метель\"], \"s_pch\": \"Обработанное противогололедными материалами\", \"osv\": \"В темное время суток, освещение включено\", \"change_org_motion\": \"Режим движения не изменялся\", \"s_dtp\": \"820\", \"COORD_W\": \"64.7364\", \"COORD_L\": \"177.4925\", \"OBJ_DTP\": [\"Регулируемый пешеходный переход\", \"Нерегулируемый перекрёсток\"], \"uchInfo\": [{\"K_UCH\": \"Пешеход\", \"NPDD\": [\"Переход через проезжую часть вне пешеходного перехода в зоне его видимости либо при наличии в непосредственной близости подземного (надземного) пешеходного перехода\"], \"S_T\": \"Раненый, находящийся (находившийся)  на амбулаторном лечении, либо которому по характеру полученных травм обозначена необходимость амбулаторного лечения (вне зависимости от его фактического прохождения)\", \"POL\": \"Мужской\", \"V_ST\": \"\", \"ALCO\": \"\", \"SOP_NPDD\": [\"Пешеход в состоянии алкогольного опьянения\", \"Иные нарушения\"], \"S_SM\": \"Нет (не скрывался)\", \"N_UCH\": \"2\"}]}}, {\"KartId\": 207182746, \"rowNum\": 4, \"date\": \"16.10.2017\", \"Time\": \"19:25\", \"District\": \"г.Анадырь\", \"DTP_V\": \"Наезд на пешехода\", \"POG\": 0, \"RAN\": 1, \"K_TS\": 1, \"K_UCH\": 2, \"infoDtp\": {\"ndu\": [\"Не установлены\"], \"sdor\": [\"Перегон (нет объектов на месте ДТП)\", \"Нерегулируемый пешеходный переход\"], \"ts_info\": [{\"n_ts\": \"1\", \"ts_s\": \"Нет\", \"t_ts\": \"Прочие легковые автомобили\", \"marka_ts\": \"TOYOTA\", \"m_ts\": \"Прочие модели Toyota\", \"color\": \"Серый\", \"r_rul\": \"Полноприводный\", \"g_v\": \"2005\", \"m_pov\": \"Передний левый бок (передняя дверь водителя, в случае ТС с правым расположением руля передняя дверь пассажира)\", \"t_n\": \"Технические неисправности отсутствуют\", \"f_sob\": \"Частная собственность\", \"o_pf\": \"Физические лица\", \"ts_uch\": [{\"K_UCH\": \"Водитель\", \"NPDD\": [\"Нарушение правил проезда пешеходного перехода\"], \"S_T\": \"Не пострадал\", \"POL\": \"Мужской\", \"V_ST\": \"28\", \"ALCO\": \"\", \"SOP_NPDD\": [\"Нет нарушений\"], \"SAFETY_BELT\": \"Да\", \"S_SM\": \"Нет (не скрывался)\", \"N_UCH\": \"1\", \"S_SEAT_GROUP\": \"\", \"INJURED_CARD_ID\": \"\"}]}], \"n_p\": \"г Анадырь\", \"street\": \"ул Южная\", \"house\": \"2\", \"dor\": \"\", \"km\": \"\", \"m\": \"\", \"k_ul\": \"Улицы и дороги местного значения в жилой застройке\", \"dor_k\": \"\", \"dor_z\": \"Местного значения (дороги местного значения, включая относящиеся к собственности поселений, муниципальных районов, городских округов)\", \"factor\": [\"Сведения отсутствуют\"], \"s_pog\": [\"Пасмурно\"], \"s_pch\": \"Мокрое\", \"osv\": \"В темное время суток, освещение включено\", \"change_org_motion\": \"Режим движения не изменялся\", \"s_dtp\": \"740\", \"COORD_W\": \"64.7364\", \"COORD_L\": \"177.4925\", \"OBJ_DTP\": [\"Административные здания\", \"Многоквартирные жилые дома\"], \"uchInfo\": [{\"K_UCH\": \"Пешеход\", \"NPDD\": [\"Нет нарушений\"], \"S_T\": \"Раненый, находящийся (находившийся)  на амбулаторном лечении, либо которому по характеру полученных травм обозначена необходимость амбулаторного лечения (вне зависимости от его фактического прохождения)\", \"POL\": \"Женский\", \"V_ST\": \"\", \"ALCO\": \"\", \"SOP_NPDD\": [\"Нет нарушений\"], \"S_SM\": \"Нет (не скрывался)\", \"N_UCH\": \"2\"}]}}, {\"KartId\": 206847178, \"rowNum\": 5, \"date\": \"21.09.2017\", \"Time\": \"18:45\", \"District\": \"г.Анадырь\", \"DTP_V\": \"Наезд на пешехода\", \"POG\": 0, \"RAN\": 1, \"K_TS\": 1, \"K_UCH\": 2, \"infoDtp\": {\"ndu\": [\"Не установлены\"], \"sdor\": [\"Нерегулируемый пешеходный переход\", \"Остановка общественного транспорта\"], \"ts_info\": [{\"n_ts\": \"1\", \"ts_s\": \"Нет\", \"t_ts\": \"Прочие легковые автомобили\", \"marka_ts\": \"ISUZU\", \"m_ts\": \"Wizard\", \"color\": \"Черный\", \"r_rul\": \"Полноприводный\", \"g_v\": \"1991\", \"m_pov\": \"\", \"t_n\": \"Технические неисправности отсутствуют\", \"f_sob\": \"Частная собственность\", \"o_pf\": \"Физические лица\", \"ts_uch\": [{\"K_UCH\": \"Водитель\", \"NPDD\": [\"Нарушение правил проезда пешеходного перехода\"], \"S_T\": \"Не пострадал\", \"POL\": \"Мужской\", \"V_ST\": \"3\", \"ALCO\": \"\", \"SOP_NPDD\": [\"Другие нарушения ПДД водителем\"], \"SAFETY_BELT\": \"Да\", \"S_SM\": \"Нет (не скрывался)\", \"N_UCH\": \"2\", \"S_SEAT_GROUP\": \"\", \"INJURED_CARD_ID\": \"\"}]}], \"n_p\": \"г Анадырь\", \"street\": \"ул Энергетиков\", \"house\": \"9\", \"dor\": \"\", \"km\": \"\", \"m\": \"\", \"k_ul\": \"Улицы и дороги местного значения в жилой застройке\", \"dor_k\": \"\", \"dor_z\": \"Местного значения (дороги местного значения, включая относящиеся к собственности поселений, муниципальных районов, городских округов)\", \"factor\": [\"Сведения отсутствуют\"], \"s_pog\": [\"Ясно\"], \"s_pch\": \"Сухое\", \"osv\": \"В темное время суток, освещение включено\", \"change_org_motion\": \"Режим движения не изменялся\", \"s_dtp\": \"740\", \"COORD_W\": \"64.7364\", \"COORD_L\": \"177.4925\", \"OBJ_DTP\": [\"Остановка общественного транспорта\", \"Административные здания\", \"Многоквартирные жилые дома\"], \"uchInfo\": [{\"K_UCH\": \"Пешеход\", \"NPDD\": [\"Иные нарушения\"], \"S_T\": \"Раненый, находящийся (находившийся)  на амбулаторном лечении, либо которому по характеру полученных травм обозначена необходимость амбулаторного лечения (вне зависимости от его фактического прохождения)\", \"POL\": \"Мужской\", \"V_ST\": \"\", \"ALCO\": \"\", \"SOP_NPDD\": [\"Нет нарушений\"], \"S_SM\": \"Нет (не скрывался)\", \"N_UCH\": \"1\"}]}}, {\"KartId\": 206847177, \"rowNum\": 6, \"date\": \"19.09.2017\", \"Time\": \"02:50\", \"District\": \"г.Анадырь\", \"DTP_V\": \"Наезд на препятствие\", \"POG\": 0, \"RAN\": 2, \"K_TS\": 1, \"K_UCH\": 2, \"infoDtp\": {\"ndu\": [\"Не установлены\"], \"sdor\": [\"Перегон (нет объектов на месте ДТП)\", \"Иное место\"], \"ts_info\": [{\"n_ts\": \"1\", \"ts_s\": \"Нет\", \"t_ts\": \"Прочие легковые автомобили\", \"marka_ts\": \"DAIHATSU\", \"m_ts\": \"Be-go\", \"color\": \"Черный\", \"r_rul\": \"Полноприводный\", \"g_v\": \"2006\", \"m_pov\": \"Передний правый угол | Передний левый бок (передняя дверь водителя, в случае ТС с правым расположением руля передняя дверь пассажира) | Передний левый угол\", \"t_n\": \"Технические неисправности отсутствуют\", \"f_sob\": \"Частная собственность\", \"o_pf\": \"Физические лица\", \"ts_uch\": [{\"K_UCH\": \"Водитель\", \"NPDD\": [\"Несоответствие скорости конкретным условиям движения\"], \"S_T\": \"Раненый, находящийся (находившийся)  на амбулаторном лечении, либо которому по характеру полученных травм обозначена необходимость амбулаторного лечения (вне зависимости от его фактического прохождения)\", \"POL\": \"Мужской\", \"V_ST\": \"95\", \"ALCO\": \"\", \"SOP_NPDD\": [\"Управление ТС лицом, не имеющим права на управление ТС\", \"Оставление места ДТП\", \"Нарушение водителем правил применения ремней безопасности (ставится в случае, когда не пристегнут водитель)\", \"Несоблюдение требований ОСАГО\"], \"SAFETY_BELT\": \"Да\", \"S_SM\": \"Скрылся, впоследствии разыскан (установлен)\", \"N_UCH\": \"2\", \"S_SEAT_GROUP\": \"\", \"INJURED_CARD_ID\": \"\"}, {\"K_UCH\": \"Пассажир\", \"NPDD\": [\"Нет нарушений\"], \"S_T\": \"Раненый, находящийся (находившийся) на стационарном лечении\", \"POL\": \"Мужской\", \"V_ST\": \"\", \"ALCO\": \"\", \"SOP_NPDD\": [\"Нарушение правил применения ремней безопасности пассажиром\"], \"SAFETY_BELT\": \"Нет\", \"S_SM\": \"Скрылся, впоследствии разыскан (установлен)\", \"N_UCH\": \"1\", \"S_SEAT_GROUP\": \"\", \"INJURED_CARD_ID\": \"\"}]}], \"n_p\": \"г Анадырь\", \"street\": \"ул Рультытегина\", \"house\": \"45\", \"dor\": \"\", \"km\": \"\", \"m\": \"\", \"k_ul\": \"Улицы и дороги местного значения научно-производственных промышленных и коммунально-складских районов\", \"dor_k\": \"\", \"dor_z\": \"Местного значения (дороги местного значения, включая относящиеся к собственности поселений, муниципальных районов, городских округов)\", \"factor\": [\"Сведения отсутствуют\"], \"s_pog\": [\"Пасмурно\"], \"s_pch\": \"Мокрое\", \"osv\": \"В темное время суток, освещение отсутствует\", \"change_org_motion\": \"Режим движения не изменялся\", \"s_dtp\": \"600\", \"COORD_W\": \"64.7364\", \"COORD_L\": \"177.4925\", \"OBJ_DTP\": [\"АЗС\"], \"uchInfo\": []}}, {\"KartId\": 206166812, \"rowNum\": 7, \"date\": \"13.08.2017\", \"Time\": \"15:50\", \"District\": \"г.Анадырь\", \"DTP_V\": \"Наезд на пешехода\", \"POG\": 0, \"RAN\": 1, \"K_TS\": 1, \"K_UCH\": 2, \"infoDtp\": {\"ndu\": [\"Не установлены\"], \"sdor\": [\"Перегон (нет объектов на месте ДТП)\", \"Внутридворовая территория\"], \"ts_info\": [{\"n_ts\": \"1\", \"ts_s\": \"Да\", \"t_ts\": \"Прочие легковые автомобили\", \"marka_ts\": \"HYUNDAI\", \"m_ts\": \"Terracan\", \"color\": \"Серый\", \"r_rul\": \"Передний\", \"g_v\": \"2003\", \"m_pov\": \"\", \"t_n\": \"Технические неисправности отсутствуют\", \"f_sob\": \"Частная собственность\", \"o_pf\": \"Физические лица\", \"ts_uch\": [{\"K_UCH\": \"Водитель\", \"NPDD\": [\"Нет нарушений\"], \"S_T\": \"Не пострадал\", \"POL\": \"Женский\", \"V_ST\": \"5\", \"ALCO\": \"\", \"SOP_NPDD\": [\"Оставление места ДТП\"], \"SAFETY_BELT\": \"Да\", \"S_SM\": \"Нет (не скрывался)\", \"N_UCH\": \"2\", \"S_SEAT_GROUP\": \"\", \"INJURED_CARD_ID\": \"\"}]}], \"n_p\": \"г Анадырь\", \"street\": \"ул Отке\", \"house\": \"42\", \"dor\": \"\", \"km\": \"\", \"m\": \"\", \"k_ul\": \"Улицы и дороги местного значения в жилой застройке\", \"dor_k\": \"\", \"dor_z\": \"Местного значения (дороги местного значения, включая относящиеся к собственности поселений, муниципальных районов, городских округов)\", \"factor\": [\"Сведения отсутствуют\"], \"s_pog\": [\"Ясно\"], \"s_pch\": \"Сухое\", \"osv\": \"Светлое время суток\", \"change_org_motion\": \"Режим движения не изменялся\", \"s_dtp\": \"820\", \"COORD_W\": \"64.7364\", \"COORD_L\": \"177.4925\", \"OBJ_DTP\": [\"Многоквартирные жилые дома\"], \"uchInfo\": [{\"K_UCH\": \"Пешеход\", \"NPDD\": [\"Неожиданный выход из-за стоящего ТС\"], \"S_T\": \"Раненый, находящийся (находившийся)  на амбулаторном лечении, либо которому по характеру полученных травм обозначена необходимость амбулаторного лечения (вне зависимости от его фактического прохождения)\", \"POL\": \"Женский\", \"V_ST\": \"\", \"ALCO\": \"\", \"SOP_NPDD\": [\"Нет нарушений\"], \"S_SM\": \"Нет (не скрывался)\", \"N_UCH\": \"1\"}]}}, {\"KartId\": 205889896, \"rowNum\": 8, \"date\": \"21.07.2017\", \"Time\": \"17:55\", \"District\": \"г.Анадырь\", \"DTP_V\": \"Столкновение\", \"POG\": 0, \"RAN\": 1, \"K_TS\": 2, \"K_UCH\": 2, \"infoDtp\": {\"ndu\": [\"Не установлены\"], \"sdor\": [\"Перегон (нет объектов на месте ДТП)\", \"Нерегулируемый перекрёсток неравнозначных улиц (дорог)\"], \"ts_info\": [{\"n_ts\": \"1\", \"ts_s\": \"Нет\", \"t_ts\": \"Мотоциклы\", \"marka_ts\": \"YAMAHA\", \"m_ts\": \"Прочие модели Yamaha\", \"color\": \"Черный\", \"r_rul\": \"Иной\", \"g_v\": \"2009\", \"m_pov\": \"Передний правый угол | Передний левый бок (передняя дверь водителя, в случае ТС с правым расположением руля передняя дверь пассажира) | Передний левый угол\", \"t_n\": \"Технические неисправности отсутствуют\", \"f_sob\": \"Частная собственность\", \"o_pf\": \"Физические лица\", \"ts_uch\": [{\"K_UCH\": \"Водитель\", \"NPDD\": [\"Нет нарушений\"], \"S_T\": \"Раненый, находящийся (находившийся) на стационарном лечении\", \"POL\": \"Мужской\", \"V_ST\": \"17\", \"ALCO\": \"\", \"SOP_NPDD\": [\"Нет нарушений\"], \"SAFETY_BELT\": \"Да\", \"S_SM\": \"Нет (не скрывался)\", \"N_UCH\": \"1\", \"S_SEAT_GROUP\": \"\", \"INJURED_CARD_ID\": \"\"}]}, {\"n_ts\": \"2\", \"ts_s\": \"Нет\", \"t_ts\": \"Прочие легковые автомобили\", \"marka_ts\": \"УАЗ\", \"m_ts\": \"3962\", \"color\": \"Зеленый\", \"r_rul\": \"Иной\", \"g_v\": \"1987\", \"m_pov\": \"Задний правый бок (задняя дверь пассажира)\", \"t_n\": \"Технические неисправности отсутствуют\", \"f_sob\": \"Частная собственность\", \"o_pf\": \"Физические лица\", \"ts_uch\": [{\"K_UCH\": \"Водитель\", \"NPDD\": [\"Несоблюдение очередности проезда\"], \"S_T\": \"Не пострадал\", \"POL\": \"Мужской\", \"V_ST\": \"37\", \"ALCO\": \"\", \"SOP_NPDD\": [\"Нарушение требований линий разметки\"], \"SAFETY_BELT\": \"Да\", \"S_SM\": \"Нет (не скрывался)\", \"N_UCH\": \"2\", \"S_SEAT_GROUP\": \"\", \"INJURED_CARD_ID\": \"\"}]}], \"n_p\": \"г Анадырь\", \"street\": \"ул Рультытегина\", \"house\": \"18\", \"dor\": \"\", \"km\": \"\", \"m\": \"\", \"k_ul\": \"Улицы и дороги местного значения научно-производственных промышленных и коммунально-складских районов\", \"dor_k\": \"\", \"dor_z\": \"Местного значения (дороги местного значения, включая относящиеся к собственности поселений, муниципальных районов, городских округов)\", \"factor\": [\"Сведения отсутствуют\"], \"s_pog\": [\"Ясно\"], \"s_pch\": \"Сухое\", \"osv\": \"Светлое время суток\", \"change_org_motion\": \"Режим движения не изменялся\", \"s_dtp\": \"300\", \"COORD_W\": \"64.7364\", \"COORD_L\": \"177.4925\", \"OBJ_DTP\": [\"Административные здания\", \"Нерегулируемый перекрёсток\", \"Многоквартирные жилые дома\"], \"uchInfo\": []}}, {\"KartId\": 205889897, \"rowNum\": 9, \"date\": \"21.07.2017\", \"Time\": \"14:50\", \"District\": \"г.Анадырь\", \"DTP_V\": \"Наезд на велосипедиста\", \"POG\": 0, \"RAN\": 1, \"K_TS\": 2, \"K_UCH\": 2, \"infoDtp\": {\"ndu\": [\"Не установлены\"], \"sdor\": [\"Перегон (нет объектов на месте ДТП)\", \"Нерегулируемый пешеходный переход\"], \"ts_info\": [{\"n_ts\": \"2\", \"ts_s\": \"Нет\", \"t_ts\": \"Велосипеды\", \"marka_ts\": \"\", \"m_ts\": \"\", \"color\": \"Синий\", \"r_rul\": \"Иной\", \"g_v\": \"\", \"m_pov\": \"Передний правый угол\", \"t_n\": \"Технические неисправности отсутствуют\", \"f_sob\": \"Частная собственность\", \"o_pf\": \"Физические лица\", \"ts_uch\": [{\"K_UCH\": \"Велосипедист\", \"NPDD\": [\"Нет нарушений\"], \"S_T\": \"Раненый, находящийся (находившийся)  на амбулаторном лечении, либо которому по характеру полученных травм обозначена необходимость амбулаторного лечения (вне зависимости от его фактического прохождения)\", \"POL\": \"Мужской\", \"V_ST\": \"\", \"ALCO\": \"\", \"SOP_NPDD\": [\"Нет нарушений\"], \"SAFETY_BELT\": \"Нет\", \"S_SM\": \"Нет (не скрывался)\", \"N_UCH\": \"1\", \"S_SEAT_GROUP\": \"\", \"INJURED_CARD_ID\": \"\"}]}, {\"n_ts\": \"1\", \"ts_s\": \"Нет\", \"t_ts\": \"Прочие легковые автомобили\", \"marka_ts\": \"MITSUBISHI\", \"m_ts\": \"Delica\", \"color\": \"Черный\", \"r_rul\": \"Полноприводный\", \"g_v\": \"1989\", \"m_pov\": \"Передний правый бок (передняя дверь пассажира, в случае ТС с правым расположением руля передняя дверь водителя)\", \"t_n\": \"Технические неисправности отсутствуют\", \"f_sob\": \"Частная собственность\", \"o_pf\": \"Физические лица\", \"ts_uch\": [{\"K_UCH\": \"Водитель\", \"NPDD\": [\"Несоблюдение очередности проезда\"], \"S_T\": \"Не пострадал\", \"POL\": \"Мужской\", \"V_ST\": \"15\", \"ALCO\": \"\", \"SOP_NPDD\": [\"Нет нарушений\"], \"SAFETY_BELT\": \"Да\", \"S_SM\": \"Нет (не скрывался)\", \"N_UCH\": \"2\", \"S_SEAT_GROUP\": \"\", \"INJURED_CARD_ID\": \"\"}]}], \"n_p\": \"г Анадырь\", \"street\": \"ул Отке\", \"house\": \"33\", \"dor\": \"\", \"km\": \"\", \"m\": \"\", \"k_ul\": \"Магистральные улицы общегородского значения\", \"dor_k\": \"\", \"dor_z\": \"Местного значения (дороги местного значения, включая относящиеся к собственности поселений, муниципальных районов, городских округов)\", \"factor\": [\"Сведения отсутствуют\"], \"s_pog\": [\"Ясно\"], \"s_pch\": \"Сухое\", \"osv\": \"Светлое время суток\", \"change_org_motion\": \"Режим движения не изменялся\", \"s_dtp\": \"300\", \"COORD_W\": \"64.7364\", \"COORD_L\": \"177.4925\", \"OBJ_DTP\": [\"Многоквартирные жилые дома\"], \"uchInfo\": []}}, {\"KartId\": 205176482, \"rowNum\": 10, \"date\": \"28.05.2017\", \"Time\": \"09:55\", \"District\": \"г.Анадырь\", \"DTP_V\": \"Съезд с дороги\", \"POG\": 0, \"RAN\": 1, \"K_TS\": 1, \"K_UCH\": 1, \"infoDtp\": {\"ndu\": [\"Не установлены\"], \"sdor\": [\"Перегон (нет объектов на месте ДТП)\", \"Иное место\"], \"ts_info\": [{\"n_ts\": \"1\", \"ts_s\": \"Нет\", \"t_ts\": \"А-класс (особо малый) до 3,5 м\", \"marka_ts\": \"SUBARU\", \"m_ts\": \"Forester\", \"color\": \"Белый\", \"r_rul\": \"Передний\", \"g_v\": \"2002\", \"m_pov\": \"Передний правый угол | Передний правый бок (передняя дверь пассажира, в случае ТС с правым расположением руля передняя дверь водителя) | Задний правый угол\", \"t_n\": \"Технические неисправности отсутствуют\", \"f_sob\": \"Частная собственность\", \"o_pf\": \"Физические лица\", \"ts_uch\": [{\"K_UCH\": \"Водитель\", \"NPDD\": [\"Другие нарушения ПДД водителем\"], \"S_T\": \"Раненый, находящийся (находившийся)  на амбулаторном лечении, либо которому по характеру полученных травм обозначена необходимость амбулаторного лечения (вне зависимости от его фактического прохождения)\", \"POL\": \"Мужской\", \"V_ST\": \"10\", \"ALCO\": \"\", \"SOP_NPDD\": [\"Нет нарушений\"], \"SAFETY_BELT\": \"Да\", \"S_SM\": \"Нет (не скрывался)\", \"N_UCH\": \"1\", \"S_SEAT_GROUP\": \"\", \"INJURED_CARD_ID\": \"\"}]}], \"n_p\": \"г Анадырь\", \"street\": \"\", \"house\": \"\", \"dor\": \"\", \"km\": \"0\", \"m\": \"0\", \"k_ul\": \"Вне НП\", \"dor_k\": \"\", \"dor_z\": \"Другие места\", \"factor\": [\"Сведения отсутствуют\"], \"s_pog\": [\"Пасмурно\"], \"s_pch\": \"Сухое\", \"osv\": \"Светлое время суток\", \"change_org_motion\": \"Режим движения не изменялся\", \"s_dtp\": \"610\", \"COORD_W\": \"64.7364\", \"COORD_L\": \"177.4925\", \"OBJ_DTP\": [\"Отсутствие в непосредственной близости объектов УДС и объектов притяжения\"], \"uchInfo\": []}}, {\"KartId\": 205176481, \"rowNum\": 11, \"date\": \"19.05.2017\", \"Time\": \"09:10\", \"District\": \"г.Анадырь\", \"DTP_V\": \"Падение пассажира\", \"POG\": 0, \"RAN\": 1, \"K_TS\": 1, \"K_UCH\": 2, \"infoDtp\": {\"ndu\": [\"Не установлены\"], \"sdor\": [\"Регулируемый пешеходный переход\", \"Регулируемый перекресток\"], \"ts_info\": [{\"n_ts\": \"1\", \"ts_s\": \"Нет\", \"t_ts\": \"Одноэтажные длиной от 8 до 12 м\", \"marka_ts\": \"Прочие марки автобусов\", \"m_ts\": \"Прочие марки автобусов\", \"color\": \"Белый\", \"r_rul\": \"Полноприводный\", \"g_v\": \"2012\", \"m_pov\": \"\", \"t_n\": \"Технические неисправности отсутствуют\", \"f_sob\": \"Муниципальная собственность\", \"o_pf\": \"Иные неюридические лица\", \"ts_uch\": [{\"K_UCH\": \"Водитель\", \"NPDD\": [\"Другие нарушения ПДД водителем\"], \"S_T\": \"Не пострадал\", \"POL\": \"Мужской\", \"V_ST\": \"26\", \"ALCO\": \"\", \"SOP_NPDD\": [\"Нет нарушений\"], \"SAFETY_BELT\": \"Да\", \"S_SM\": \"Нет (не скрывался)\", \"N_UCH\": \"2\", \"S_SEAT_GROUP\": \"\", \"INJURED_CARD_ID\": \"\"}, {\"K_UCH\": \"Пассажир\", \"NPDD\": [\"Нет нарушений\"], \"S_T\": \"Раненый, находящийся (находившийся) на стационарном лечении\", \"POL\": \"Женский\", \"V_ST\": \"\", \"ALCO\": \"\", \"SOP_NPDD\": [\"Нет нарушений\"], \"SAFETY_BELT\": \"Да\", \"S_SM\": \"Нет (не скрывался)\", \"N_UCH\": \"1\", \"S_SEAT_GROUP\": \"\", \"INJURED_CARD_ID\": \"\"}]}], \"n_p\": \"г Анадырь\", \"street\": \"ул Отке\", \"house\": \"39\", \"dor\": \"\", \"km\": \"\", \"m\": \"\", \"k_ul\": \"Магистральные улицы общегородского значения\", \"dor_k\": \"\", \"dor_z\": \"Местного значения (дороги местного значения, включая относящиеся к собственности поселений, муниципальных районов, городских округов)\", \"factor\": [\"Сведения отсутствуют\"], \"s_pog\": [\"Ясно\"], \"s_pch\": \"Сухое\", \"osv\": \"Светлое время суток\", \"change_org_motion\": \"Режим движения не изменялся\", \"s_dtp\": \"090\", \"COORD_W\": \"64.7364\", \"COORD_L\": \"177.4925\", \"OBJ_DTP\": [\"Остановка общественного транспорта\", \"Административные здания\"], \"uchInfo\": []}}, {\"KartId\": 204817056, \"rowNum\": 12, \"date\": \"07.05.2017\", \"Time\": \"22:15\", \"District\": \"г.Анадырь\", \"DTP_V\": \"Съезд с дороги\", \"POG\": 1, \"RAN\": 0, \"K_TS\": 1, \"K_UCH\": 2, \"infoDtp\": {\"ndu\": [\"Не установлены\"], \"sdor\": [\"Перегон (нет объектов на месте ДТП)\"], \"ts_info\": [{\"n_ts\": \"1\", \"ts_s\": \"Нет\", \"t_ts\": \"Прочие легковые автомобили\", \"marka_ts\": \"MITSUBISHI\", \"m_ts\": \"Delica\", \"color\": \"Черный\", \"r_rul\": \"Полноприводный\", \"g_v\": \"1994\", \"m_pov\": \"Передний левый угол | Крыша | Полная деформация кузова\", \"t_n\": \"Технические неисправности отсутствуют\", \"f_sob\": \"Частная собственность\", \"o_pf\": \"Физические лица\", \"ts_uch\": [{\"K_UCH\": \"Водитель\", \"NPDD\": [\"Нарушение правил расположения ТС на проезжей части\"], \"S_T\": \"Скончался на месте ДТП до приезда скорой медицинской помощи\", \"POL\": \"Женский\", \"V_ST\": \"8\", \"ALCO\": \"\", \"SOP_NPDD\": [\"Нет нарушений\"], \"SAFETY_BELT\": \"Да\", \"S_SM\": \"Нет (не скрывался)\", \"N_UCH\": \"1\", \"S_SEAT_GROUP\": \"\", \"INJURED_CARD_ID\": \"\"}, {\"K_UCH\": \"Пассажир\", \"NPDD\": [\"Нет нарушений\"], \"S_T\": \"Получил травмы с оказанием разовой медицинской помощи, к категории раненый не относится\", \"POL\": \"Мужской\", \"V_ST\": \"\", \"ALCO\": \"\", \"SOP_NPDD\": [\"Нет нарушений\"], \"SAFETY_BELT\": \"Да\", \"S_SM\": \"Нет (не скрывался)\", \"N_UCH\": \"2\", \"S_SEAT_GROUP\": \"\", \"INJURED_CARD_ID\": \"\"}]}], \"n_p\": \"г Анадырь\", \"street\": \"\", \"house\": \"\", \"dor\": \"\", \"km\": \"0\", \"m\": \"0\", \"k_ul\": \"Вне НП\", \"dor_k\": \"\", \"dor_z\": \"Другие места\", \"factor\": [\"Сведения отсутствуют\"], \"s_pog\": [\"Ясно\"], \"s_pch\": \"Сухое\", \"osv\": \"В темное время суток, освещение отсутствует\", \"change_org_motion\": \"Режим движения не изменялся\", \"s_dtp\": \"610\", \"COORD_W\": \"64.7364\", \"COORD_L\": \"177.4925\", \"OBJ_DTP\": [\"Отсутствие в непосредственной близости объектов УДС и объектов притяжения\"], \"uchInfo\": []}}]}"}