{"data":"{\"year\": \"2015\", \"region_code\": \"77\", \"region_name\": \"Чукотский автономный округ\", \"month_first\": 1, \"month_last\": 12, \"cards\": [{\"KartId\": 166707828, \"rowNum\": 1, \"date\": \"16.04.2015\", \"Time\": \"01:00\", \"District\": \"Чукотский район\", \"DTP_V\": \"Падение пассажира\", \"POG\": 0, \"RAN\": 1, \"K_TS\": 1, \"K_UCH\": 2, \"infoDtp\": {\"ndu\": [\"Не установлены\"], \"sdor\": [\"Перегон (нет объектов на месте ДТП)\"], \"ts_info\": [{\"n_ts\": \"1\", \"ts_s\": \"Нет\", \"t_ts\": \"Гужевой транспорт\", \"marka_ts\": \"\", \"m_ts\": \"\", \"color\": \"Не заполнено\", \"r_rul\": \"Не заполнено\", \"g_v\": \"\", \"m_pov\": \"\", \"t_n\": \"Технические неисправности отсутствуют\", \"f_sob\": \"Частная собственность\", \"o_pf\": \"\", \"ts_uch\": [{\"K_UCH\": \"Водитель\", \"NPDD\": [\"Другие нарушения ПДД водителем\"], \"S_T\": \"Не пострадал\", \"POL\": \"Мужской\", \"V_ST\": \"8\", \"ALCO\": \"00\", \"SOP_NPDD\": [\"Оставление места ДТП\"], \"SAFETY_BELT\": \"Да\", \"S_SM\": \"Скрылся, впоследствии разыскан (установлен)\", \"N_UCH\": \"2\", \"S_SEAT_GROUP\": \"\", \"INJURED_CARD_ID\": \"\"}, {\"K_UCH\": \"Пассажир\", \"NPDD\": [\"Нет нарушений\"], \"S_T\": \"Раненый, находящийся (находившийся) на стационарном лечении\", \"POL\": \"Мужской\", \"V_ST\": \"\", \"ALCO\": \"00\", \"SOP_NPDD\": [\"Нет нарушений\"], \"SAFETY_BELT\": \"Да\", \"S_SM\": \"Нет (не скрывался)\", \"N_UCH\": \"1\", \"S_SEAT_GROUP\": \"\", \"INJURED_CARD_ID\": \"10000000000000\"}]}], \"n_p\": \"\", \"street\": \"\", \"house\": \"\", \"dor\": \"\", \"km\": \"40\", \"m\": \"0\", \"k_ul\": \"Вне НП\", \"dor_k\": \"8\", \"dor_z\": \"Другие места\", \"factor\": [\"Сведения отсутствуют\"], \"s_pog\": [\"Ясно\"], \"s_pch\": \"Со снежным накатом\", \"osv\": \"В темное время суток, освещение отсутствует\", \"change_org_motion\": \"Режим движения не изменялся\", \"s_dtp\": \"990\", \"COORD_W\": \"66.879276\", \"COORD_L\": \"172.959145\", \"OBJ_DTP\": [\"Отсутствие в непосредственной близости объектов УДС и объектов притяжения\"], \"uchInfo\": []}}, {\"KartId\": 173844131, \"rowNum\": 1, \"date\": \"11.07.2015\", \"Time\": \"05:40\", \"District\": \"Чаунский район\", \"DTP_V\": \"Опрокидывание\", \"POG\": 0, \"RAN\": 1, \"K_TS\": 1, \"K_UCH\": 3, \"infoDtp\": {\"ndu\": [\"Не установлены\"], \"sdor\": [\"Перегон (нет объектов на месте ДТП)\", \"Иное место\"], \"ts_info\": [{\"n_ts\": \"1\", \"ts_s\": \"Нет\", \"t_ts\": \"В-класс (малый) до 3,9 м\", \"marka_ts\": \"TOYOTA\", \"m_ts\": \"Hiace\", \"color\": \"Иные цвета\", \"r_rul\": \"Полноприводный\", \"g_v\": \"1994\", \"m_pov\": \"Полная деформация кузова\", \"t_n\": \"Технические неисправности отсутствуют\", \"f_sob\": \"Частная собственность\", \"o_pf\": \"\", \"ts_uch\": [{\"K_UCH\": \"Пассажир\", \"NPDD\": [\"Нет нарушений\"], \"S_T\": \"Раненый, находящийся (находившийся) на стационарном лечении\", \"POL\": \"Мужской\", \"V_ST\": \"\", \"ALCO\": \"00\", \"SOP_NPDD\": [\"Нет нарушений\"], \"SAFETY_BELT\": \"Да\", \"S_SM\": \"Нет (не скрывался)\", \"N_UCH\": \"2\", \"S_SEAT_GROUP\": \"\", \"INJURED_CARD_ID\": \"10000000000001\"}, {\"K_UCH\": \"Пассажир\", \"NPDD\": [\"Нет нарушений\"], \"S_T\": \"Не пострадал\", \"POL\": \"Мужской\", \"V_ST\": \"\", \"ALCO\": \"00\", \"SOP_NPDD\": [\"Нет нарушений\"], \"SAFETY_BELT\": \"Да\", \"S_SM\": \"Нет (не скрывался)\", \"N_UCH\": \"3\", \"S_SEAT_GROUP\": \"\", \"INJURED_CARD_ID\": \"\"}, {\"K_UCH\": \"Водитель\", \"NPDD\": [\"Превышение установленной скорости движения\"], \"S_T\": \"Не пострадал\", \"POL\": \"Мужской\", \"V_ST\": \"1\", \"ALCO\": \"86\", \"SOP_NPDD\": [\"Управление ТС в состоянии алкогольного опьянения\"], \"SAFETY_BELT\": \"Да\", \"S_SM\": \"Нет (не скрывался)\", \"N_UCH\": \"1\", \"S_SEAT_GROUP\": \"\", \"INJURED_CARD_ID\": \"\"}]}], \"n_p\": \"г Певек\", \"street\": \"\", \"house\": \"\", \"dor\": \"База ГП ЧАО Чукотоптторг-водозабор\", \"km\": \"7\", \"m\": \"780\", \"k_ul\": \"Вне НП\", \"dor_k\": \"5\", \"dor_z\": \"Местного значения (дороги местного значения, включая относящиеся к собственности поселений, муниципальных районов, городских округов)\", \"factor\": [\"Сведения отсутствуют\"], \"s_pog\": [\"Ясно\"], \"s_pch\": \"Сухое\", \"osv\": \"Светлое время суток\", \"change_org_motion\": \"Режим движения не изменялся\", \"s_dtp\": \"950\", \"COORD_W\": \"69.665278\", \"COORD_L\": \"170.223889\", \"OBJ_DTP\": [\"Отсутствие в непосредственной близости объектов УДС и объектов притяжения\"], \"uchInfo\": []}}, {\"KartId\": 181399636, \"rowNum\": 1, \"date\": \"03.11.2015\", \"Time\": \"08:00\", \"District\": \"Провиденский район\", \"DTP_V\": \"Наезд на пешехода\", \"POG\": 0, \"RAN\": 1, \"K_TS\": 1, \"K_UCH\": 2, \"infoDtp\": {\"ndu\": [\"Не установлены\"], \"sdor\": [\"Перегон (нет объектов на месте ДТП)\", \"Выезд с прилегающей территории\"], \"ts_info\": [{\"n_ts\": \"1\", \"ts_s\": \"Нет\", \"t_ts\": \"Минивэны и универсалы повышенной вместимости\", \"marka_ts\": \"TOYOTA\", \"m_ts\": \"Liteace\", \"color\": \"Белый\", \"r_rul\": \"Полноприводный\", \"g_v\": \"2000\", \"m_pov\": \"\", \"t_n\": \"Технические неисправности отсутствуют\", \"f_sob\": \"Частная собственность\", \"o_pf\": \"\", \"ts_uch\": [{\"K_UCH\": \"Водитель\", \"NPDD\": [\"Несоблюдение условий, разрешающих движение транспорта задним ходом\"], \"S_T\": \"Не пострадал\", \"POL\": \"Мужской\", \"V_ST\": \"19\", \"ALCO\": \"00\", \"SOP_NPDD\": [\"Другие нарушения ПДД водителем\"], \"SAFETY_BELT\": \"Да\", \"S_SM\": \"Нет (не скрывался)\", \"N_UCH\": \"2\", \"S_SEAT_GROUP\": \"\", \"INJURED_CARD_ID\": \"\"}]}], \"n_p\": \"п Провидения\", \"street\": \"ул Набережная Дежнева\", \"house\": \"51\", \"dor\": \"\", \"km\": \"\", \"m\": \"\", \"k_ul\": \"Улицы и дороги местного значения в жилой застройке\", \"dor_k\": \"\", \"dor_z\": \"Не указано\", \"factor\": [\"Сведения отсутствуют\"], \"s_pog\": [\"Пасмурно\"], \"s_pch\": \"Мокрое\", \"osv\": \"Светлое время суток\", \"change_org_motion\": \"Режим движения не изменялся\", \"s_dtp\": \"880\", \"COORD_W\": \"64.450000\", \"COORD_L\": \"173.301389\", \"OBJ_DTP\": [\"Лечебные учреждения\"], \"uchInfo\": [{\"K_UCH\": \"Пешеход\", \"NPDD\": [\"Нет нарушений\"], \"S_T\": \"Раненый, находящийся (находившийся) на стационарном лечении\", \"POL\": \"Женский\", \"V_ST\": \"\", \"ALCO\": \"00\", \"SOP_NPDD\": [\"Нет нарушений\"], \"S_SM\": \"Нет (не скрывался)\", \"N_UCH\": \"1\"}]}}, {\"KartId\": 180367880, \"rowNum\": 2, \"date\": \"23.10.2015\", \"Time\": \"07:10\", \"District\": \"Провиденский район\", \"DTP_V\": \"Опрокидывание\", \"POG\": 2, \"RAN\": 0, \"K_TS\": 1, \"K_UCH\": 4, \"infoDtp\": {\"ndu\": [\"Не установлены\"], \"sdor\": [\"Перегон (нет объектов на месте ДТП)\"], \"ts_info\": [{\"n_ts\": \"1\", \"ts_s\": \"Нет\", \"t_ts\": \"В-класс (малый) до 3,9 м\", \"marka_ts\": \"SUZUKI\", \"m_ts\": \"Escudo\", \"color\": \"Черный\", \"r_rul\": \"Полноприводный\", \"g_v\": \"1992\", \"m_pov\": \"Передний левый угол | Крыша | Полная деформация кузова\", \"t_n\": \"Технические неисправности отсутствуют\", \"f_sob\": \"Частная собственность\", \"o_pf\": \"\", \"ts_uch\": [{\"K_UCH\": \"Пассажир\", \"NPDD\": [\"Нет нарушений\"], \"S_T\": \"Не пострадал\", \"POL\": \"Мужской\", \"V_ST\": \"\", \"ALCO\": \"\", \"SOP_NPDD\": [\"Нет нарушений\"], \"SAFETY_BELT\": \"Да\", \"S_SM\": \"Скрылся, впоследствии разыскан (установлен)\", \"N_UCH\": \"3\", \"S_SEAT_GROUP\": \"\", \"INJURED_CARD_ID\": \"\"}, {\"K_UCH\": \"Пассажир\", \"NPDD\": [\"Иные нарушения\"], \"S_T\": \"Скончался на месте ДТП до приезда скорой медицинской помощи\", \"POL\": \"Женский\", \"V_ST\": \"\", \"ALCO\": \"\", \"SOP_NPDD\": [\"Нет нарушений\"], \"SAFETY_BELT\": \"Да\", \"S_SM\": \"Нет (не скрывался)\", \"N_UCH\": \"1\", \"S_SEAT_GROUP\": \"\", \"INJURED_CARD_ID\": \"00000000000001\"}, {\"K_UCH\": \"Водитель\", \"NPDD\": [\"Превышение установленной скорости движения\"], \"S_T\": \"Не пострадал\", \"POL\": \"Мужской\", \"V_ST\": \"95\", \"ALCO\": \"\", \"SOP_NPDD\": [\"Управление ТС лицом, не имеющим права на управление ТС\"], \"SAFETY_BELT\": \"Да\", \"S_SM\": \"Скрылся, впоследствии разыскан (установлен)\", \"N_UCH\": \"4\", \"S_SEAT_GROUP\": \"\", \"INJURED_CARD_ID\": \"\"}, {\"K_UCH\": \"Пассажир\", \"NPDD\": [\"Иные нарушения\"], \"S_T\": \"Скончался на месте ДТП до приезда скорой медицинской помощи\", \"POL\": \"Женский\", \"V_ST\": \"\", \"ALCO\": \"\", \"SOP_NPDD\": [\"Нет нарушений\"], \"SAFETY_BELT\": \"Да\", \"S_SM\": \"Нет (не скрывался)\", \"N_UCH\": \"2\", \"S_SEAT_GROUP\": \"\", \"INJURED_CARD_ID\": \"00000000000001\"}]}], \"n_p\": \"\", \"street\": \"\", \"house\": \"\", \"dor\": \"Провидения - Новое  Чаплино от 5  км  а/д   Провидения - Аэропорт\", \"km\": \"9\", \"m\": \"600\", \"k_ul\": \"Вне НП\", \"dor_k\": \"5\", \"dor_z\": \"Региональная или межмуниципальная (дорога регионального или межмуниципального значения)\", \"factor\": [\"Сведения отсутствуют\"], \"s_pog\": [\"Пасмурно\"], \"s_pch\": \"Сухое\", \"osv\": \"Сумерки\", \"change_org_motion\": \"Режим движения не изменялся\", \"s_dtp\": \"610\", \"COORD_W\": \"64.483056\", \"COORD_L\": \"173.116667\", \"OBJ_DTP\": [\"Отсутствие в непосредственной близости объектов УДС и объектов притяжения\"], \"uchInfo\": []}}, {\"KartId\": 171706107, \"rowNum\": 3, \"date\": \"13.06.2015\", \"Time\": \"23:20\", \"District\": \"Провиденский район\", \"DTP_V\": \"Опрокидывание\", \"POG\": 0, \"RAN\": 1, \"K_TS\": 1, \"K_UCH\": 2, \"infoDtp\": {\"ndu\": [\"Не установлены\"], \"sdor\": [\"Перегон (нет объектов на месте ДТП)\"], \"ts_info\": [{\"n_ts\": \"1\", \"ts_s\": \"Нет\", \"t_ts\": \"Квадроциклы\", \"marka_ts\": \"Прочие марки ТС\", \"m_ts\": \"Прочие марки и модели ТС\", \"color\": \"Многоцветный\", \"r_rul\": \"Иной\", \"g_v\": \"2011\", \"m_pov\": \"Задний левый бок (задняя дверь пассажира) | Передний левый бок (передняя дверь водителя, в случае ТС с правым расположением руля передняя дверь пассажира)\", \"t_n\": \"Технические неисправности отсутствуют\", \"f_sob\": \"Частная собственность\", \"o_pf\": \"\", \"ts_uch\": [{\"K_UCH\": \"Пассажир\", \"NPDD\": [\"Нет нарушений\"], \"S_T\": \"Не пострадал\", \"POL\": \"Мужской\", \"V_ST\": \"\", \"ALCO\": \"\", \"SOP_NPDD\": [\"Нет нарушений\"], \"SAFETY_BELT\": \"Да\", \"S_SM\": \"Нет (не скрывался)\", \"N_UCH\": \"2\", \"S_SEAT_GROUP\": \"\", \"INJURED_CARD_ID\": \"\"}, {\"K_UCH\": \"Водитель\", \"NPDD\": [\"Несоответствие скорости конкретным условиям движения\"], \"S_T\": \"Раненый, находящийся (находившийся) на стационарном лечении\", \"POL\": \"Мужской\", \"V_ST\": \"5\", \"ALCO\": \"\", \"SOP_NPDD\": [\"Нет нарушений\"], \"SAFETY_BELT\": \"Да\", \"S_SM\": \"Нет (не скрывался)\", \"N_UCH\": \"1\", \"S_SEAT_GROUP\": \"\", \"INJURED_CARD_ID\": \"00000000000001\"}]}], \"n_p\": \"\", \"street\": \"\", \"house\": \"\", \"dor\": \"Провидения - Аэропорт\", \"km\": \"1\", \"m\": \"790\", \"k_ul\": \"Вне НП\", \"dor_k\": \"7\", \"dor_z\": \"Региональная или межмуниципальная (дорога регионального или межмуниципального значения)\", \"factor\": [\"Сведения отсутствуют\"], \"s_pog\": [\"Пасмурно\"], \"s_pch\": \"Мокрое\", \"osv\": \"Сумерки\", \"change_org_motion\": \"Режим движения не изменялся\", \"s_dtp\": \"600\", \"COORD_W\": \"64.427500\", \"COORD_L\": \"173.216667\", \"OBJ_DTP\": [\"Отсутствие в непосредственной близости объектов УДС и объектов притяжения\"], \"uchInfo\": []}}, {\"KartId\": 168819184, \"rowNum\": 4, \"date\": \"12.05.2015\", \"Time\": \"02:20\", \"District\": \"Провиденский район\", \"DTP_V\": \"Опрокидывание\", \"POG\": 0, \"RAN\": 1, \"K_TS\": 1, \"K_UCH\": 2, \"infoDtp\": {\"ndu\": [\"Не установлены\"], \"sdor\": [\"Перегон (нет объектов на месте ДТП)\"], \"ts_info\": [{\"n_ts\": \"1\", \"ts_s\": \"Да\", \"t_ts\": \"Мопеды с двигателем внутреннего сгорания менее 50 см. куб.\", \"marka_ts\": \"Прочие марки ТС\", \"m_ts\": \"Прочие марки и модели ТС\", \"color\": \"Черный\", \"r_rul\": \"Иной\", \"g_v\": \"2013\", \"m_pov\": \"Передний правый бок (передняя дверь пассажира, в случае ТС с правым расположением руля передняя дверь водителя) | Передний левый бок (передняя дверь водителя, в случае ТС с правым расположением руля передняя дверь пассажира)\", \"t_n\": \"Технические неисправности отсутствуют\", \"f_sob\": \"Частная собственность\", \"o_pf\": \"\", \"ts_uch\": [{\"K_UCH\": \"Водитель\", \"NPDD\": [\"Нет нарушений\"], \"S_T\": \"Не пострадал\", \"POL\": \"Мужской\", \"V_ST\": \"95\", \"ALCO\": \"00\", \"SOP_NPDD\": [\"Управление ТС лицом, не имеющим права на управление ТС\"], \"SAFETY_BELT\": \"Да\", \"S_SM\": \"Скрылся, впоследствии разыскан (установлен)\", \"N_UCH\": \"1\", \"S_SEAT_GROUP\": \"\", \"INJURED_CARD_ID\": \"\"}, {\"K_UCH\": \"Пассажир\", \"NPDD\": [\"Нет нарушений\"], \"S_T\": \"Раненый, находящийся (находившийся)  на амбулаторном лечении, либо которому по характеру полученных травм обозначена необходимость амбулаторного лечения (вне зависимости от его фактического прохождения)\", \"POL\": \"Женский\", \"V_ST\": \"\", \"ALCO\": \"\", \"SOP_NPDD\": [\"Нет нарушений\"], \"SAFETY_BELT\": \"Да\", \"S_SM\": \"Скрылся, впоследствии разыскан (установлен)\", \"N_UCH\": \"2\", \"S_SEAT_GROUP\": \"\", \"INJURED_CARD_ID\": \"10000000000002\"}]}], \"n_p\": \"\", \"street\": \"\", \"house\": \"\", \"dor\": \"Провидения - Аэропорт\", \"km\": \"0\", \"m\": \"350\", \"k_ul\": \"Вне НП\", \"dor_k\": \"7\", \"dor_z\": \"Региональная или межмуниципальная (дорога регионального или межмуниципального значения)\", \"factor\": [\"Сведения отсутствуют\"], \"s_pog\": [\"Ясно\"], \"s_pch\": \"Сухое\", \"osv\": \"Светлое время суток\", \"change_org_motion\": \"Режим движения не изменялся\", \"s_dtp\": \"950\", \"COORD_W\": \"64.427500\", \"COORD_L\": \"173.218889\", \"OBJ_DTP\": [\"Отсутствие в непосредственной близости объектов УДС и объектов притяжения\"], \"uchInfo\": []}}, {\"KartId\": 175703979, \"rowNum\": 1, \"date\": \"10.08.2015\", \"Time\": \"18:05\", \"District\": \"Иультинский район\", \"DTP_V\": \"Съезд с дороги\", \"POG\": 0, \"RAN\": 1, \"K_TS\": 1, \"K_UCH\": 1, \"infoDtp\": {\"ndu\": [\"Не установлены\"], \"sdor\": [\"Перегон (нет объектов на месте ДТП)\"], \"ts_info\": [{\"n_ts\": \"1\", \"ts_s\": \"Нет\", \"t_ts\": \"Самосвалы\", \"marka_ts\": \"КАМАЗ\", \"m_ts\": \"4528\", \"color\": \"Оранжевый\", \"r_rul\": \"Задний\", \"g_v\": \"2011\", \"m_pov\": \"Передний правый угол | Передний правый бок (передняя дверь пассажира, в случае ТС с правым расположением руля передняя дверь водителя) | Крыша\", \"t_n\": \"Технические неисправности отсутствуют\", \"f_sob\": \"Коллективная собственность (общественных объединений, организаций, товариществ и др.)\", \"o_pf\": \"\", \"ts_uch\": [{\"K_UCH\": \"Водитель\", \"NPDD\": [\"Нарушение правил расположения ТС на проезжей части\", \"Другие нарушения ПДД водителем\"], \"S_T\": \"Раненый, находящийся (находившийся) на стационарном лечении\", \"POL\": \"Мужской\", \"V_ST\": \"5\", \"ALCO\": \"00\", \"SOP_NPDD\": [\"Нет нарушений\"], \"SAFETY_BELT\": \"Да\", \"S_SM\": \"Нет (не скрывался)\", \"N_UCH\": \"1\", \"S_SEAT_GROUP\": \"\", \"INJURED_CARD_ID\": \"11772510000004\"}]}], \"n_p\": \"рп Эгвекинот\", \"street\": \"\", \"house\": \"\", \"dor\": \"Эгвекинот - Мыс Шмидта\", \"km\": \"8\", \"m\": \"711\", \"k_ul\": \"Поселковые дороги\", \"dor_k\": \"5\", \"dor_z\": \"Региональная или межмуниципальная (дорога регионального или межмуниципального значения)\", \"factor\": [\"Сведения отсутствуют\"], \"s_pog\": [\"Ясно\"], \"s_pch\": \"Сухое\", \"osv\": \"Светлое время суток\", \"change_org_motion\": \"Режим движения не изменялся\", \"s_dtp\": \"610\", \"COORD_W\": \"66.316667\", \"COORD_L\": \"179.116667\", \"OBJ_DTP\": [\"Отсутствие в непосредственной близости объектов УДС и объектов притяжения\"], \"uchInfo\": []}}, {\"KartId\": 171113615, \"rowNum\": 2, \"date\": \"04.06.2015\", \"Time\": \"22:50\", \"District\": \"Иультинский район\", \"DTP_V\": \"Наезд на препятствие\", \"POG\": 0, \"RAN\": 1, \"K_TS\": 1, \"K_UCH\": 1, \"infoDtp\": {\"ndu\": [\"Не установлены\"], \"sdor\": [\"Перегон (нет объектов на месте ДТП)\", \"Внутридворовая территория\"], \"ts_info\": [{\"n_ts\": \"1\", \"ts_s\": \"Нет\", \"t_ts\": \"Мопеды с двигателем внутреннего сгорания менее 50 см. куб.\", \"marka_ts\": \"Прочие марки ТС\", \"m_ts\": \"Прочие марки и модели ТС\", \"color\": \"Иные цвета\", \"r_rul\": \"Иной\", \"g_v\": \"2000\", \"m_pov\": \"Передний правый угол | Передний левый бок (передняя дверь водителя, в случае ТС с правым расположением руля передняя дверь пассажира) | Передний левый угол\", \"t_n\": \"Технические неисправности отсутствуют\", \"f_sob\": \"Частная собственность\", \"o_pf\": \"\", \"ts_uch\": [{\"K_UCH\": \"Водитель\", \"NPDD\": [\"Другие нарушения ПДД водителем\"], \"S_T\": \"Раненый, находящийся (находившийся)  на амбулаторном лечении, либо которому по характеру полученных травм обозначена необходимость амбулаторного лечения (вне зависимости от его фактического прохождения)\", \"POL\": \"Женский\", \"V_ST\": \"95\", \"ALCO\": \"00\", \"SOP_NPDD\": [\"Управление ТС лицом, не имеющим права на управление ТС\", \"Нарушение правил применения мотошлема\"], \"SAFETY_BELT\": \"Да\", \"S_SM\": \"Нет (не скрывался)\", \"N_UCH\": \"1\", \"S_SEAT_GROUP\": \"\", \"INJURED_CARD_ID\": \"10000000000001\"}]}], \"n_p\": \"рп Эгвекинот\", \"street\": \"ул Попова\", \"house\": \"3\", \"dor\": \"\", \"km\": \"\", \"m\": \"\", \"k_ul\": \"Улицы и дороги местного значения в жилой застройке\", \"dor_k\": \"\", \"dor_z\": \"Не указано\", \"factor\": [\"Сведения отсутствуют\"], \"s_pog\": [\"Пасмурно\"], \"s_pch\": \"Сухое\", \"osv\": \"Сумерки\", \"change_org_motion\": \"Режим движения не изменялся\", \"s_dtp\": \"600\", \"COORD_W\": \"66.330278\", \"COORD_L\": \"179.124444\", \"OBJ_DTP\": [\"Многоквартирные жилые дома\"], \"uchInfo\": []}}, {\"KartId\": 168834568, \"rowNum\": 3, \"date\": \"14.02.2015\", \"Time\": \"06:15\", \"District\": \"Иультинский район\", \"DTP_V\": \"Опрокидывание\", \"POG\": 1, \"RAN\": 0, \"K_TS\": 1, \"K_UCH\": 1, \"infoDtp\": {\"ndu\": [\"Не установлены\"], \"sdor\": [\"Перегон (нет объектов на месте ДТП)\", \"Иное место\"], \"ts_info\": [{\"n_ts\": \"1\", \"ts_s\": \"Нет\", \"t_ts\": \"Снегоходы\", \"marka_ts\": \"Прочие марки ТС\", \"m_ts\": \"Прочие марки и модели ТС\", \"color\": \"Синий\", \"r_rul\": \"Иной\", \"g_v\": \"2006\", \"m_pov\": \"Передний правый угол | Передний левый угол\", \"t_n\": \"Технические неисправности отсутствуют\", \"f_sob\": \"Частная собственность\", \"o_pf\": \"\", \"ts_uch\": [{\"K_UCH\": \"Водитель\", \"NPDD\": [\"Несоответствие скорости конкретным условиям движения\"], \"S_T\": \"Скончался на месте ДТП до приезда скорой медицинской помощи\", \"POL\": \"Мужской\", \"V_ST\": \"1\", \"ALCO\": \"00\", \"SOP_NPDD\": [\"Нет нарушений\"], \"SAFETY_BELT\": \"Да\", \"S_SM\": \"Нет (не скрывался)\", \"N_UCH\": \"1\", \"S_SEAT_GROUP\": \"\", \"INJURED_CARD_ID\": \"10000000000001\"}]}], \"n_p\": \"\", \"street\": \"\", \"house\": \"\", \"dor\": \"Акватория залива Креста\", \"km\": \"0\", \"m\": \"0\", \"k_ul\": \"Вне НП\", \"dor_k\": \"\", \"dor_z\": \"Другие места\", \"factor\": [\"Сведения отсутствуют\"], \"s_pog\": [\"Ясно\", \"Температура ниже -30С\"], \"s_pch\": \"Заснеженное\", \"osv\": \"В темное время суток, освещение отсутствует\", \"change_org_motion\": \"Режим движения не изменялся\", \"s_dtp\": \"950\", \"COORD_W\": \"66.293889\", \"COORD_L\": \"179.107778\", \"OBJ_DTP\": [\"Отсутствие в непосредственной близости объектов УДС и объектов притяжения\"], \"uchInfo\": []}}, {\"KartId\": 162672464, \"rowNum\": 4, \"date\": \"24.01.2015\", \"Time\": \"10:20\", \"District\": \"Иультинский район\", \"DTP_V\": \"Наезд на препятствие\", \"POG\": 0, \"RAN\": 1, \"K_TS\": 1, \"K_UCH\": 2, \"infoDtp\": {\"ndu\": [\"Не установлены\"], \"sdor\": [\"Перегон (нет объектов на месте ДТП)\", \"Нерегулируемый перекрёсток неравнозначных улиц (дорог)\"], \"ts_info\": [{\"n_ts\": \"1\", \"ts_s\": \"Нет\", \"t_ts\": \"Снегоходы\", \"marka_ts\": \"Прочие марки ТС\", \"m_ts\": \"Прочие марки и модели ТС\", \"color\": \"Красный\", \"r_rul\": \"Иной\", \"g_v\": \"2012\", \"m_pov\": \"Передний правый угол | Передний левый угол\", \"t_n\": \"Технические неисправности отсутствуют\", \"f_sob\": \"Муниципальная собственность\", \"o_pf\": \"\", \"ts_uch\": [{\"K_UCH\": \"Пассажир\", \"NPDD\": [\"Нет нарушений\"], \"S_T\": \"Не пострадал\", \"POL\": \"Мужской\", \"V_ST\": \"\", \"ALCO\": \"00\", \"SOP_NPDD\": [\"Нет нарушений\"], \"SAFETY_BELT\": \"Да\", \"S_SM\": \"Нет (не скрывался)\", \"N_UCH\": \"2\", \"S_SEAT_GROUP\": \"\", \"INJURED_CARD_ID\": \"\"}, {\"K_UCH\": \"Водитель\", \"NPDD\": [\"Нарушение правил расположения ТС на проезжей части\"], \"S_T\": \"Раненый, находящийся (находившийся) на стационарном лечении\", \"POL\": \"Мужской\", \"V_ST\": \"0\", \"ALCO\": \"00\", \"SOP_NPDD\": [\"Несоответствие скорости конкретным условиям движения\"], \"SAFETY_BELT\": \"Да\", \"S_SM\": \"Нет (не скрывался)\", \"N_UCH\": \"1\", \"S_SEAT_GROUP\": \"\", \"INJURED_CARD_ID\": \"00000000000001\"}]}], \"n_p\": \"рп Эгвекинот\", \"street\": \"ул Портовая\", \"house\": \"1\", \"dor\": \"Эгвекинот - Мыс Шмидта\", \"km\": \"\", \"m\": \"\", \"k_ul\": \"Иные места\", \"dor_k\": \"4\", \"dor_z\": \"Не указано\", \"factor\": [\"Сведения отсутствуют\"], \"s_pog\": [\"Ясно\"], \"s_pch\": \"Со снежным накатом\", \"osv\": \"Светлое время суток\", \"change_org_motion\": \"Режим движения не изменялся\", \"s_dtp\": \"940\", \"COORD_W\": \"66.316667\", \"COORD_L\": \"179.166667\", \"OBJ_DTP\": [\"Аэропорт, ж/д вокзал (ж/д станция), речной или морской порт (пристань)\"], \"uchInfo\": []}}, {\"KartId\": 176521462, \"rowNum\": 1, \"date\": \"15.08.2015\", \"Time\": \"03:30\", \"District\": \"Билибинский район\", \"DTP_V\": \"Наезд на пешехода\", \"POG\": 0, \"RAN\": 1, \"K_TS\": 1, \"K_UCH\": 3, \"infoDtp\": {\"ndu\": [\"Не установлены\"], \"sdor\": [\"Перегон (нет объектов на месте ДТП)\", \"Внутридворовая территория\"], \"ts_info\": [{\"n_ts\": \"1\", \"ts_s\": \"Нет\", \"t_ts\": \"А-класс (особо малый) до 3,5 м\", \"marka_ts\": \"HONDA\", \"m_ts\": \"FIT\", \"color\": \"Серый\", \"r_rul\": \"Передний\", \"g_v\": \"2004\", \"m_pov\": \"Передний левый угол\", \"t_n\": \"Технические неисправности отсутствуют\", \"f_sob\": \"Частная собственность\", \"o_pf\": \"\", \"ts_uch\": [{\"K_UCH\": \"Водитель\", \"NPDD\": [\"Другие нарушения ПДД водителем\"], \"S_T\": \"Не пострадал\", \"POL\": \"Женский\", \"V_ST\": \"13\", \"ALCO\": \"\", \"SOP_NPDD\": [\"Отказ водителя от прохождения медицинского освидетельствования на состояние опьянения\"], \"SAFETY_BELT\": \"Да\", \"S_SM\": \"Нет (не скрывался)\", \"N_UCH\": \"1\", \"S_SEAT_GROUP\": \"\", \"INJURED_CARD_ID\": \"\"}]}], \"n_p\": \"г Билибино\", \"street\": \"ул Курчатова\", \"house\": \"10\", \"dor\": \"\", \"km\": \"\", \"m\": \"\", \"k_ul\": \"Улицы и дороги местного значения в жилой застройке\", \"dor_k\": \"\", \"dor_z\": \"Не указано\", \"factor\": [\"Сведения отсутствуют\"], \"s_pog\": [\"Пасмурно\"], \"s_pch\": \"Сухое\", \"osv\": \"В темное время суток, освещение включено\", \"change_org_motion\": \"Режим движения не изменялся\", \"s_dtp\": \"960\", \"COORD_W\": \"68.062500\", \"COORD_L\": \"166.451667\", \"OBJ_DTP\": [\"Многоквартирные жилые дома\"], \"uchInfo\": [{\"K_UCH\": \"Пешеход\", \"NPDD\": [\"Нет нарушений\"], \"S_T\": \"Раненый, находящийся (находившийся)  на амбулаторном лечении, либо которому по характеру полученных травм обозначена необходимость амбулаторного лечения (вне зависимости от его фактического прохождения)\", \"POL\": \"Женский\", \"V_ST\": \"\", \"ALCO\": \"\", \"SOP_NPDD\": [\"Нет нарушений\"], \"S_SM\": \"Нет (не скрывался)\", \"N_UCH\": \"2\"}, {\"K_UCH\": \"Пешеход\", \"NPDD\": [\"Нет нарушений\"], \"S_T\": \"Получил травмы с оказанием разовой медицинской помощи, к категории раненый не относится\", \"POL\": \"Женский\", \"V_ST\": \"\", \"ALCO\": \"05\", \"SOP_NPDD\": [\"Нет нарушений\"], \"S_SM\": \"Нет (не скрывался)\", \"N_UCH\": \"3\"}]}}, {\"KartId\": 165762954, \"rowNum\": 2, \"date\": \"03.04.2015\", \"Time\": \"18:45\", \"District\": \"Билибинский район\", \"DTP_V\": \"Опрокидывание\", \"POG\": 0, \"RAN\": 1, \"K_TS\": 1, \"K_UCH\": 1, \"infoDtp\": {\"ndu\": [\"Не установлены\"], \"sdor\": [\"Перегон (нет объектов на месте ДТП)\", \"Нерегулируемый перекрёсток неравнозначных улиц (дорог)\"], \"ts_info\": [{\"n_ts\": \"1\", \"ts_s\": \"до 1 сут.\", \"t_ts\": \"Снегоходы\", \"marka_ts\": \"Прочие марки ТС\", \"m_ts\": \"Прочие марки и модели ТС\", \"color\": \"Белый\", \"r_rul\": \"Иной\", \"g_v\": \"1986\", \"m_pov\": \"\", \"t_n\": \"Технические неисправности отсутствуют\", \"f_sob\": \"Частная собственность\", \"o_pf\": \"\", \"ts_uch\": [{\"K_UCH\": \"Водитель\", \"NPDD\": [\"Другие нарушения ПДД водителем\"], \"S_T\": \"Раненый, находящийся (находившийся) на стационарном лечении\", \"POL\": \"Мужской\", \"V_ST\": \"95\", \"ALCO\": \"02\", \"SOP_NPDD\": [\"Управление ТС лицом, не имеющим права на управление ТС\", \"Управление ТС в состоянии алкогольного опьянения\", \"Оставление места ДТП\", \"Эксплуатация незарегистрированного ТС\"], \"SAFETY_BELT\": \"Да\", \"S_SM\": \"Нет (не скрывался)\", \"N_UCH\": \"1\", \"S_SEAT_GROUP\": \"\", \"INJURED_CARD_ID\": \"10000000000000\"}]}], \"n_p\": \"г Билибино\", \"street\": \"ул Магаданская\", \"house\": \"8\", \"dor\": \"\", \"km\": \"\", \"m\": \"\", \"k_ul\": \"Улицы и дороги местного значения в жилой застройке\", \"dor_k\": \"4\", \"dor_z\": \"Не указано\", \"factor\": [\"Сведения отсутствуют\"], \"s_pog\": [\"Ясно\"], \"s_pch\": \"Со снежным накатом\", \"osv\": \"Светлое время суток\", \"change_org_motion\": \"Режим движения не изменялся\", \"s_dtp\": \"600\", \"COORD_W\": \"68.055833\", \"COORD_L\": \"166.449722\", \"OBJ_DTP\": [\"Нерегулируемый перекрёсток\"], \"uchInfo\": []}}, {\"KartId\": 162672468, \"rowNum\": 3, \"date\": \"30.01.2015\", \"Time\": \"04:10\", \"District\": \"Билибинский район\", \"DTP_V\": \"Опрокидывание\", \"POG\": 1, \"RAN\": 0, \"K_TS\": 1, \"K_UCH\": 1, \"infoDtp\": {\"ndu\": [\"Не установлены\"], \"sdor\": [\"Перегон (нет объектов на месте ДТП)\"], \"ts_info\": [{\"n_ts\": \"1\", \"ts_s\": \"Нет\", \"t_ts\": \"Седельные тягачи\", \"marka_ts\": \"КАМАЗ\", \"m_ts\": \"4410\", \"color\": \"Иные цвета\", \"r_rul\": \"Полноприводный\", \"g_v\": \"2005\", \"m_pov\": \"Передний правый угол | Передний левый бок (передняя дверь водителя, в случае ТС с правым расположением руля передняя дверь пассажира) | Крыша\", \"t_n\": \"Технические неисправности отсутствуют\", \"f_sob\": \"Частная собственность\", \"o_pf\": \"\", \"ts_uch\": [{\"K_UCH\": \"Водитель\", \"NPDD\": [\"Нарушение правил расположения ТС на проезжей части\"], \"S_T\": \"Скончался на месте ДТП до приезда скорой медицинской помощи\", \"POL\": \"Мужской\", \"V_ST\": \"7\", \"ALCO\": \"00\", \"SOP_NPDD\": [\"Нарушение режима труда и отдыха водителя\"], \"SAFETY_BELT\": \"Да\", \"S_SM\": \"Нет (не скрывался)\", \"N_UCH\": \"1\", \"S_SEAT_GROUP\": \"\", \"INJURED_CARD_ID\": \"10000000000001\"}]}], \"n_p\": \"\", \"street\": \"\", \"house\": \"\", \"dor\": \"Билибино -Встречный - Анюйск\", \"km\": \"132\", \"m\": \"900\", \"k_ul\": \"Вне НП\", \"dor_k\": \"4\", \"dor_z\": \"Местного значения (дороги местного значения, включая относящиеся к собственности поселений, муниципальных районов, городских округов)\", \"factor\": [\"Сведения отсутствуют\"], \"s_pog\": [\"Ясно\"], \"s_pch\": \"Со снежным накатом\", \"osv\": \"В темное время суток, освещение отсутствует\", \"change_org_motion\": \"Режим движения не изменялся\", \"s_dtp\": \"610\", \"COORD_W\": \"68.430556\", \"COORD_L\": \"164.195000\", \"OBJ_DTP\": [\"Отсутствие в непосредственной близости объектов УДС и объектов притяжения\"], \"uchInfo\": []}}, {\"KartId\": 178953224, \"rowNum\": 1, \"date\": \"08.10.2015\", \"Time\": \"09:55\", \"District\": \"Анадырский район\", \"DTP_V\": \"Наезд на пешехода\", \"POG\": 0, \"RAN\": 1, \"K_TS\": 2, \"K_UCH\": 3, \"infoDtp\": {\"ndu\": [\"Не установлены\"], \"sdor\": [\"Перегон (нет объектов на месте ДТП)\"], \"ts_info\": [{\"n_ts\": \"1\", \"ts_s\": \"Нет\", \"t_ts\": \"D-класс (средний) до 4,6 м\", \"marka_ts\": \"MAZDA\", \"m_ts\": \"Bongo\", \"color\": \"Серый\", \"r_rul\": \"Полноприводный\", \"g_v\": \"2000\", \"m_pov\": \"Передний левый угол\", \"t_n\": \"Технические неисправности отсутствуют\", \"f_sob\": \"Частная собственность\", \"o_pf\": \"\", \"ts_uch\": [{\"K_UCH\": \"Водитель\", \"NPDD\": [\"Нет нарушений\"], \"S_T\": \"Не пострадал\", \"POL\": \"Мужской\", \"V_ST\": \"13\", \"ALCO\": \"00\", \"SOP_NPDD\": [\"Нет нарушений\"], \"SAFETY_BELT\": \"Да\", \"S_SM\": \"Нет (не скрывался)\", \"N_UCH\": \"2\", \"S_SEAT_GROUP\": \"\", \"INJURED_CARD_ID\": \"\"}]}, {\"n_ts\": \"2\", \"ts_s\": \"Нет\", \"t_ts\": \"Автокраны и транспортные средства, оснащенные кранами-манипуляторами\", \"marka_ts\": \"ISUZU\", \"m_ts\": \"NQR71\", \"color\": \"Синий\", \"r_rul\": \"Полноприводный\", \"g_v\": \"1994\", \"m_pov\": \"\", \"t_n\": \"Технические неисправности отсутствуют\", \"f_sob\": \"Частная собственность\", \"o_pf\": \"\", \"ts_uch\": [{\"K_UCH\": \"Водитель\", \"NPDD\": [\"Нет нарушений\"], \"S_T\": \"Не пострадал\", \"POL\": \"Мужской\", \"V_ST\": \"95\", \"ALCO\": \"\", \"SOP_NPDD\": [\"Управление ТС лицом, не имеющим права на управление ТС\"], \"SAFETY_BELT\": \"Да\", \"S_SM\": \"Нет (не скрывался)\", \"N_UCH\": \"3\", \"S_SEAT_GROUP\": \"\", \"INJURED_CARD_ID\": \"\"}]}], \"n_p\": \"п Угольные Копи\", \"street\": \"\", \"house\": \"\", \"dor\": \"А-384 подъездная дорога от г. Анадыря к аэропорту Анадыря (Угольный)\", \"km\": \"26\", \"m\": \"0\", \"k_ul\": \"Вне НП\", \"dor_k\": \"4\", \"dor_z\": \"Федеральная (дорога федерального значения)\", \"factor\": [\"Сведения отсутствуют\"], \"s_pog\": [\"Ясно\"], \"s_pch\": \"Сухое\", \"osv\": \"Светлое время суток\", \"change_org_motion\": \"Режим движения не изменялся\", \"s_dtp\": \"890\", \"COORD_W\": \"64.695833\", \"COORD_L\": \"177.062500\", \"OBJ_DTP\": [\"Отсутствие в непосредственной близости объектов УДС и объектов притяжения\"], \"uchInfo\": [{\"K_UCH\": \"Пешеход\", \"NPDD\": [\"Нахождение на проезжей части без цели её перехода\", \"Иные нарушения\"], \"S_T\": \"Раненый, находящийся (находившийся) на стационарном лечении\", \"POL\": \"Мужской\", \"V_ST\": \"\", \"ALCO\": \"\", \"SOP_NPDD\": [\"Нет нарушений\"], \"S_SM\": \"Нет (не скрывался)\", \"N_UCH\": \"1\"}]}}, {\"KartId\": 178514684, \"rowNum\": 2, \"date\": \"28.09.2015\", \"Time\": \"12:30\", \"District\": \"Анадырский район\", \"DTP_V\": \"Съезд с дороги\", \"POG\": 0, \"RAN\": 1, \"K_TS\": 1, \"K_UCH\": 3, \"infoDtp\": {\"ndu\": [\"Не установлены\"], \"sdor\": [\"Перегон (нет объектов на месте ДТП)\"], \"ts_info\": [{\"n_ts\": \"1\", \"ts_s\": \"Нет\", \"t_ts\": \"D-класс (средний) до 4,6 м\", \"marka_ts\": \"TOYOTA\", \"m_ts\": \"Town Ace\", \"color\": \"Многоцветный\", \"r_rul\": \"Полноприводный\", \"g_v\": \"1988\", \"m_pov\": \"Передний правый бок (передняя дверь пассажира, в случае ТС с правым расположением руля передняя дверь водителя)\", \"t_n\": \"Технические неисправности отсутствуют\", \"f_sob\": \"Частная собственность\", \"o_pf\": \"\", \"ts_uch\": [{\"K_UCH\": \"Пассажир\", \"NPDD\": [\"Нет нарушений\"], \"S_T\": \"Получил травмы с оказанием разовой медицинской помощи, к категории раненый не относится\", \"POL\": \"Женский\", \"V_ST\": \"\", \"ALCO\": \"\", \"SOP_NPDD\": [\"Нет нарушений\"], \"SAFETY_BELT\": \"Да\", \"S_SM\": \"Нет (не скрывался)\", \"N_UCH\": \"2\", \"S_SEAT_GROUP\": \"\", \"INJURED_CARD_ID\": \"\"}, {\"K_UCH\": \"Водитель\", \"NPDD\": [\"Другие нарушения ПДД водителем\"], \"S_T\": \"Не пострадал\", \"POL\": \"Мужской\", \"V_ST\": \"29\", \"ALCO\": \"00\", \"SOP_NPDD\": [\"Несоблюдение требований ОСАГО\"], \"SAFETY_BELT\": \"Да\", \"S_SM\": \"Нет (не скрывался)\", \"N_UCH\": \"1\", \"S_SEAT_GROUP\": \"\", \"INJURED_CARD_ID\": \"\"}, {\"K_UCH\": \"Пассажир\", \"NPDD\": [\"Нет нарушений\"], \"S_T\": \"Раненый, находящийся (находившийся)  на амбулаторном лечении, либо которому по характеру полученных травм обозначена необходимость амбулаторного лечения (вне зависимости от его фактического прохождения)\", \"POL\": \"Женский\", \"V_ST\": \"\", \"ALCO\": \"\", \"SOP_NPDD\": [\"Нет нарушений\"], \"SAFETY_BELT\": \"Да\", \"S_SM\": \"Нет (не скрывался)\", \"N_UCH\": \"3\", \"S_SEAT_GROUP\": \"\", \"INJURED_CARD_ID\": \"00000000000001\"}]}], \"n_p\": \"п Угольные Копи\", \"street\": \"\", \"house\": \"0\", \"dor\": \"А-384 подъездная дорога от г. Анадыря к аэропорту Анадыря (Угольный)\", \"km\": \"\", \"m\": \"\", \"k_ul\": \"Вне НП\", \"dor_k\": \"4\", \"dor_z\": \"Федеральная (дорога федерального значения)\", \"factor\": [\"Сведения отсутствуют\"], \"s_pog\": [\"Ясно\"], \"s_pch\": \"Сухое\", \"osv\": \"Светлое время суток\", \"change_org_motion\": \"Режим движения не изменялся\", \"s_dtp\": \"610\", \"COORD_W\": \"64.883056\", \"COORD_L\": \"177.593333\", \"OBJ_DTP\": [\"Отсутствие в непосредственной близости объектов УДС и объектов притяжения\"], \"uchInfo\": []}}, {\"KartId\": 177126907, \"rowNum\": 3, \"date\": \"09.09.2015\", \"Time\": \"01:00\", \"District\": \"Анадырский район\", \"DTP_V\": \"Опрокидывание\", \"POG\": 0, \"RAN\": 1, \"K_TS\": 1, \"K_UCH\": 1, \"infoDtp\": {\"ndu\": [\"Не установлены\"], \"sdor\": [\"Перегон (нет объектов на месте ДТП)\"], \"ts_info\": [{\"n_ts\": \"1\", \"ts_s\": \"Нет\", \"t_ts\": \"В-класс (малый) до 3,9 м\", \"marka_ts\": \"УАЗ\", \"m_ts\": \"УАЗ 3151, 31512, 31514, 31519 и модификации\", \"color\": \"Иные цвета\", \"r_rul\": \"Полноприводный\", \"g_v\": \"2001\", \"m_pov\": \"Задний левый бок (задняя дверь пассажира) | Передний левый бок (передняя дверь водителя, в случае ТС с правым расположением руля передняя дверь пассажира) | Передний левый угол\", \"t_n\": \"Технические неисправности отсутствуют\", \"f_sob\": \"Частная собственность\", \"o_pf\": \"\", \"ts_uch\": [{\"K_UCH\": \"Водитель\", \"NPDD\": [\"Несоблюдение условий, разрешающих движение транспорта задним ходом\"], \"S_T\": \"Раненый, находящийся (находившийся) на стационарном лечении\", \"POL\": \"Мужской\", \"V_ST\": \"0\", \"ALCO\": \"08\", \"SOP_NPDD\": [\"Управление ТС лицом, находящимся в состоянии алкогольного опьянения и не имеющим права управления ТС либо лишенным права управления ТС\"], \"SAFETY_BELT\": \"Да\", \"S_SM\": \"Нет (не скрывался)\", \"N_UCH\": \"1\", \"S_SEAT_GROUP\": \"\", \"INJURED_CARD_ID\": \"00000000000001\"}]}], \"n_p\": \"рп Беринговский\", \"street\": \"ул Шахтная\", \"house\": \"0\", \"dor\": \"Беринговский - Аэропорт\", \"km\": \"\", \"m\": \"\", \"k_ul\": \"Вне НП\", \"dor_k\": \"5\", \"dor_z\": \"Местного значения (дороги местного значения, включая относящиеся к собственности поселений, муниципальных районов, городских округов)\", \"factor\": [\"Сведения отсутствуют\"], \"s_pog\": [\"Ясно\"], \"s_pch\": \"Сухое\", \"osv\": \"В темное время суток, освещение отсутствует\", \"change_org_motion\": \"Режим движения не изменялся\", \"s_dtp\": \"590\", \"COORD_W\": \"63.049167\", \"COORD_L\": \"179.316667\", \"OBJ_DTP\": [\"Отсутствие в непосредственной близости объектов УДС и объектов притяжения\"], \"uchInfo\": []}}, {\"KartId\": 172278402, \"rowNum\": 4, \"date\": \"21.06.2015\", \"Time\": \"14:30\", \"District\": \"Анадырский район\", \"DTP_V\": \"Опрокидывание\", \"POG\": 0, \"RAN\": 1, \"K_TS\": 1, \"K_UCH\": 1, \"infoDtp\": {\"ndu\": [\"Не установлены\"], \"sdor\": [\"Перегон (нет объектов на месте ДТП)\"], \"ts_info\": [{\"n_ts\": \"1\", \"ts_s\": \"Нет\", \"t_ts\": \"В-класс (малый) до 3,9 м\", \"marka_ts\": \"TOYOTA\", \"m_ts\": \"Liteace\", \"color\": \"Черный\", \"r_rul\": \"Полноприводный\", \"g_v\": \"1988\", \"m_pov\": \"Передний правый угол | Передний правый бок (передняя дверь пассажира, в случае ТС с правым расположением руля передняя дверь водителя) | Крыша\", \"t_n\": \"Технические неисправности отсутствуют\", \"f_sob\": \"Частная собственность\", \"o_pf\": \"\", \"ts_uch\": [{\"K_UCH\": \"Водитель\", \"NPDD\": [\"Нарушение правил расположения ТС на проезжей части\"], \"S_T\": \"Раненый, находящийся (находившийся) на стационарном лечении\", \"POL\": \"Мужской\", \"V_ST\": \"22\", \"ALCO\": \"08\", \"SOP_NPDD\": [\"Управление ТС в состоянии алкогольного опьянения\"], \"SAFETY_BELT\": \"Да\", \"S_SM\": \"Нет (не скрывался)\", \"N_UCH\": \"1\", \"S_SEAT_GROUP\": \"\", \"INJURED_CARD_ID\": \"00000000000001\"}]}], \"n_p\": \"\", \"street\": \"\", \"house\": \"\", \"dor\": \"Подъезд до п. Угольные Копи от 26 км а/д Автоподъезд до аэропорта от г. Анадырь\", \"km\": \"25\", \"m\": \"0\", \"k_ul\": \"Вне НП\", \"dor_k\": \"6\", \"dor_z\": \"Федеральная (дорога федерального значения)\", \"factor\": [\"Сведения отсутствуют\"], \"s_pog\": [\"Ясно\"], \"s_pch\": \"Сухое\", \"osv\": \"Светлое время суток\", \"change_org_motion\": \"Режим движения не изменялся\", \"s_dtp\": \"610\", \"COORD_W\": \"64.727778\", \"COORD_L\": \"177.698611\", \"OBJ_DTP\": [\"Остановка общественного транспорта\"], \"uchInfo\": []}}, {\"KartId\": 167433537, \"rowNum\": 5, \"date\": \"11.04.2015\", \"Time\": \"16:00\", \"District\": \"Анадырский район\", \"DTP_V\": \"Опрокидывание\", \"POG\": 1, \"RAN\": 0, \"K_TS\": 1, \"K_UCH\": 3, \"infoDtp\": {\"ndu\": [\"Не установлены\"], \"sdor\": [\"Перегон (нет объектов на месте ДТП)\", \"Иное место\"], \"ts_info\": [{\"n_ts\": \"1\", \"ts_s\": \"Нет\", \"t_ts\": \"Снегоходы\", \"marka_ts\": \"Прочие марки ТС\", \"m_ts\": \"Прочие марки и модели ТС\", \"color\": \"Многоцветный\", \"r_rul\": \"Иной\", \"g_v\": \"2003\", \"m_pov\": \"Передний левый бок (передняя дверь водителя, в случае ТС с правым расположением руля передняя дверь пассажира)\", \"t_n\": \"Технические неисправности отсутствуют\", \"f_sob\": \"Частная собственность\", \"o_pf\": \"\", \"ts_uch\": [{\"K_UCH\": \"Водитель\", \"NPDD\": [\"Несоответствие скорости конкретным условиям движения\", \"Нарушение правил буксировки\", \"Другие нарушения ПДД водителем\"], \"S_T\": \"Скончался на месте ДТП до приезда скорой медицинской помощи\", \"POL\": \"Мужской\", \"V_ST\": \"0\", \"ALCO\": \"\", \"SOP_NPDD\": [\"Нарушение правил погрузки, выгрузки и крепления грузов\"], \"SAFETY_BELT\": \"Да\", \"S_SM\": \"Нет (не скрывался)\", \"N_UCH\": \"1\", \"S_SEAT_GROUP\": \"\", \"INJURED_CARD_ID\": \"00000000000001\"}, {\"K_UCH\": \"Пассажир\", \"NPDD\": [\"Нет нарушений\"], \"S_T\": \"Не пострадал\", \"POL\": \"Женский\", \"V_ST\": \"\", \"ALCO\": \"\", \"SOP_NPDD\": [\"Нет нарушений\"], \"SAFETY_BELT\": \"Да\", \"S_SM\": \"Нет (не скрывался)\", \"N_UCH\": \"2\", \"S_SEAT_GROUP\": \"\", \"INJURED_CARD_ID\": \"\"}, {\"K_UCH\": \"Пассажир\", \"NPDD\": [\"Нет нарушений\"], \"S_T\": \"Не пострадал\", \"POL\": \"Мужской\", \"V_ST\": \"\", \"ALCO\": \"\", \"SOP_NPDD\": [\"Нет нарушений\"], \"SAFETY_BELT\": \"Да\", \"S_SM\": \"Нет (не скрывался)\", \"N_UCH\": \"3\", \"S_SEAT_GROUP\": \"\", \"INJURED_CARD_ID\": \"\"}]}], \"n_p\": \"\", \"street\": \"\", \"house\": \"\", \"dor\": \"\", \"km\": \"0\", \"m\": \"0\", \"k_ul\": \"Иные места\", \"dor_k\": \"5\", \"dor_z\": \"Другие места\", \"factor\": [\"Сведения отсутствуют\"], \"s_pog\": [\"Ясно\"], \"s_pch\": \"Заснеженное\", \"osv\": \"Светлое время суток\", \"change_org_motion\": \"Режим движения не изменялся\", \"s_dtp\": \"990\", \"COORD_W\": \"65.176667\", \"COORD_L\": \"176.764167\", \"OBJ_DTP\": [\"Отсутствие в непосредственной близости объектов УДС и объектов притяжения\"], \"uchInfo\": []}}, {\"KartId\": 185542358, \"rowNum\": 1, \"date\": \"28.11.2015\", \"Time\": \"19:30\", \"District\": \"г.Анадырь\", \"DTP_V\": \"Съезд с дороги\", \"POG\": 0, \"RAN\": 1, \"K_TS\": 1, \"K_UCH\": 1, \"infoDtp\": {\"ndu\": [\"Не установлены\"], \"sdor\": [\"Нерегулируемый перекрёсток неравнозначных улиц (дорог)\", \"Гаражные постройки (гаражный кооператив, товарищество либо иное место концентрированного размещения гаражей)\"], \"ts_info\": [{\"n_ts\": \"1\", \"ts_s\": \"Нет\", \"t_ts\": \"В-класс (малый) до 3,9 м\", \"marka_ts\": \"MITSUBISHI\", \"m_ts\": \"Pajero\", \"color\": \"Серый\", \"r_rul\": \"Полноприводный\", \"g_v\": \"1983\", \"m_pov\": \"Задний левый угол | Задний левый бок (задняя дверь пассажира) | Крыша\", \"t_n\": \"Технические неисправности отсутствуют\", \"f_sob\": \"Частная собственность\", \"o_pf\": \"\", \"ts_uch\": [{\"K_UCH\": \"Водитель\", \"NPDD\": [\"Нарушение правил расположения ТС на проезжей части\"], \"S_T\": \"Раненый, находящийся (находившийся) на стационарном лечении\", \"POL\": \"Мужской\", \"V_ST\": \"21\", \"ALCO\": \"\", \"SOP_NPDD\": [\"Нет нарушений\"], \"SAFETY_BELT\": \"Да\", \"S_SM\": \"Нет (не скрывался)\", \"N_UCH\": \"1\", \"S_SEAT_GROUP\": \"\", \"INJURED_CARD_ID\": \"00000000000001\"}]}], \"n_p\": \"г Анадырь\", \"street\": \"ул Рультытегина\", \"house\": \"43\", \"dor\": \"А-384 подъездная дорога от г. Анадыря к аэропорту Анадыря (Угольный)\", \"km\": \"\", \"m\": \"\", \"k_ul\": \"Иные места\", \"dor_k\": \"5\", \"dor_z\": \"Федеральная (дорога федерального значения)\", \"factor\": [\"Сведения отсутствуют\"], \"s_pog\": [\"Ясно\"], \"s_pch\": \"Обработанное противогололедными материалами\", \"osv\": \"В темное время суток, освещение отсутствует\", \"change_org_motion\": \"Режим движения не изменялся\", \"s_dtp\": \"610\", \"COORD_W\": \"64.736389\", \"COORD_L\": \"177.492500\", \"OBJ_DTP\": [\"АЗС\", \"Гаражные постройки (гаражный кооператив, товарищество либо иное место концентрированного размещения гаражей)\"], \"uchInfo\": []}}, {\"KartId\": 185427955, \"rowNum\": 2, \"date\": \"27.11.2015\", \"Time\": \"20:30\", \"District\": \"г.Анадырь\", \"DTP_V\": \"Столкновение\", \"POG\": 0, \"RAN\": 2, \"K_TS\": 2, \"K_UCH\": 3, \"infoDtp\": {\"ndu\": [\"Неисправное освещение\"], \"sdor\": [\"Перегон (нет объектов на месте ДТП)\", \"Нерегулируемый перекрёсток неравнозначных улиц (дорог)\"], \"ts_info\": [{\"n_ts\": \"1\", \"ts_s\": \"Нет\", \"t_ts\": \"В-класс (малый) до 3,9 м\", \"marka_ts\": \"NISSAN\", \"m_ts\": \"Cedric\", \"color\": \"Черный\", \"r_rul\": \"Полноприводный\", \"g_v\": \"1990\", \"m_pov\": \"Передний правый угол | Передний левый угол\", \"t_n\": \"Технические неисправности отсутствуют\", \"f_sob\": \"Частная собственность\", \"o_pf\": \"\", \"ts_uch\": [{\"K_UCH\": \"Водитель\", \"NPDD\": [\"Нет нарушений\"], \"S_T\": \"Не пострадал\", \"POL\": \"Мужской\", \"V_ST\": \"11\", \"ALCO\": \"00\", \"SOP_NPDD\": [\"Несоблюдение требований ОСАГО\"], \"SAFETY_BELT\": \"Да\", \"S_SM\": \"Нет (не скрывался)\", \"N_UCH\": \"1\", \"S_SEAT_GROUP\": \"\", \"INJURED_CARD_ID\": \"\"}]}, {\"n_ts\": \"2\", \"ts_s\": \"Нет\", \"t_ts\": \"Снегоходы\", \"marka_ts\": \"Прочие марки ТС\", \"m_ts\": \"Прочие марки и модели ТС\", \"color\": \"Черный\", \"r_rul\": \"Иной\", \"g_v\": \"1987\", \"m_pov\": \"Задний левый бок (задняя дверь пассажира) | Передний левый бок (передняя дверь водителя, в случае ТС с правым расположением руля передняя дверь пассажира)\", \"t_n\": \"Неисправность внешних световых приборов | Иные неисправности\", \"f_sob\": \"Частная собственность\", \"o_pf\": \"\", \"ts_uch\": [{\"K_UCH\": \"Водитель\", \"NPDD\": [\"Несоблюдение очередности проезда\", \"Нарушение правил пользования внешними световыми приборами\", \"Эксплуатация технически неисправного ТС (проставляется в случае ДТП по причине технеисправности)\"], \"S_T\": \"Раненый, находящийся (находившийся)  на амбулаторном лечении, либо которому по характеру полученных травм обозначена необходимость амбулаторного лечения (вне зависимости от его фактического прохождения)\", \"POL\": \"Мужской\", \"V_ST\": \"95\", \"ALCO\": \"04\", \"SOP_NPDD\": [\"Управление ТС лицом, не имеющим права на управление ТС\", \"Управление ТС лицом, находящимся в состоянии алкогольного опьянения и не имеющим права управления ТС либо лишенным права управления ТС\", \"Управление транспортным средством при наличии неисправностей или условий, при которых эксплуатация транспортного средства запрещена\"], \"SAFETY_BELT\": \"Да\", \"S_SM\": \"Нет (не скрывался)\", \"N_UCH\": \"2\", \"S_SEAT_GROUP\": \"\", \"INJURED_CARD_ID\": \"00000000000001\"}, {\"K_UCH\": \"Пассажир\", \"NPDD\": [\"Нет нарушений\"], \"S_T\": \"Раненый, находящийся (находившийся) на стационарном лечении\", \"POL\": \"Мужской\", \"V_ST\": \"\", \"ALCO\": \"00\", \"SOP_NPDD\": [\"Нарушение правил применения мотошлема пассажиром\"], \"SAFETY_BELT\": \"Да\", \"S_SM\": \"Нет (не скрывался)\", \"N_UCH\": \"3\", \"S_SEAT_GROUP\": \"\", \"INJURED_CARD_ID\": \"00000000000002\"}]}], \"n_p\": \"г Анадырь\", \"street\": \"\", \"house\": \"\", \"dor\": \"А-384 подъездная дорога от г. Анадыря к аэропорту Анадыря (Угольный)\", \"km\": \"5\", \"m\": \"120\", \"k_ul\": \"Иные места\", \"dor_k\": \"5\", \"dor_z\": \"Федеральная (дорога федерального значения)\", \"factor\": [\"Сведения отсутствуют\"], \"s_pog\": [\"Снегопад\", \"Метель\"], \"s_pch\": \"Обработанное противогололедными материалами\", \"osv\": \"В темное время суток, освещение не включено\", \"change_org_motion\": \"Режим движения не изменялся\", \"s_dtp\": \"500\", \"COORD_W\": \"64.736389\", \"COORD_L\": \"177.492500\", \"OBJ_DTP\": [\"Производственное предприятие\", \"Административные здания\"], \"uchInfo\": []}}, {\"KartId\": 180368980, \"rowNum\": 3, \"date\": \"24.10.2015\", \"Time\": \"11:25\", \"District\": \"г.Анадырь\", \"DTP_V\": \"Наезд на пешехода\", \"POG\": 0, \"RAN\": 1, \"K_TS\": 1, \"K_UCH\": 2, \"infoDtp\": {\"ndu\": [\"Не установлены\"], \"sdor\": [\"Перегон (нет объектов на месте ДТП)\", \"Нерегулируемый пешеходный переход\"], \"ts_info\": [{\"n_ts\": \"1\", \"ts_s\": \"Нет\", \"t_ts\": \"В-класс (малый) до 3,9 м\", \"marka_ts\": \"NISSAN\", \"m_ts\": \"Laurel\", \"color\": \"Черный\", \"r_rul\": \"Задний\", \"g_v\": \"1993\", \"m_pov\": \"Передний правый угол | Передний правый бок (передняя дверь пассажира, в случае ТС с правым расположением руля передняя дверь водителя)\", \"t_n\": \"Технические неисправности отсутствуют\", \"f_sob\": \"Частная собственность\", \"o_pf\": \"\", \"ts_uch\": [{\"K_UCH\": \"Водитель\", \"NPDD\": [\"Нарушение правил проезда пешеходного перехода\"], \"S_T\": \"Не пострадал\", \"POL\": \"Женский\", \"V_ST\": \"1\", \"ALCO\": \"\", \"SOP_NPDD\": [\"Другие нарушения ПДД водителем\"], \"SAFETY_BELT\": \"Да\", \"S_SM\": \"Нет (не скрывался)\", \"N_UCH\": \"2\", \"S_SEAT_GROUP\": \"\", \"INJURED_CARD_ID\": \"\"}]}], \"n_p\": \"г Анадырь\", \"street\": \"ул Отке\", \"house\": \"34\", \"dor\": \"А-384 подъездная дорога от г. Анадыря к аэропорту Анадыря (Угольный)\", \"km\": \"\", \"m\": \"\", \"k_ul\": \"Улицы и дороги местного значения в жилой застройке\", \"dor_k\": \"3\", \"dor_z\": \"Местного значения (дороги местного значения, включая относящиеся к собственности поселений, муниципальных районов, городских округов)\", \"factor\": [\"Сведения отсутствуют\"], \"s_pog\": [\"Ясно\"], \"s_pch\": \"Обработанное противогололедными материалами\", \"osv\": \"Светлое время суток\", \"change_org_motion\": \"Режим движения не изменялся\", \"s_dtp\": \"740\", \"COORD_W\": \"64.736389\", \"COORD_L\": \"177.492500\", \"OBJ_DTP\": [\"Многоквартирные жилые дома\"], \"uchInfo\": [{\"K_UCH\": \"Пешеход\", \"NPDD\": [\"Нет нарушений\"], \"S_T\": \"Раненый, находящийся (находившийся) на стационарном лечении\", \"POL\": \"Женский\", \"V_ST\": \"\", \"ALCO\": \"\", \"SOP_NPDD\": [\"Нет нарушений\"], \"S_SM\": \"Нет (не скрывался)\", \"N_UCH\": \"1\"}]}}, {\"KartId\": 177370275, \"rowNum\": 4, \"date\": \"17.09.2015\", \"Time\": \"19:37\", \"District\": \"г.Анадырь\", \"DTP_V\": \"Наезд на пешехода\", \"POG\": 0, \"RAN\": 1, \"K_TS\": 1, \"K_UCH\": 2, \"infoDtp\": {\"ndu\": [\"Не установлены\"], \"sdor\": [\"Регулируемый пешеходный переход\", \"Регулируемый перекресток\"], \"ts_info\": [{\"n_ts\": \"1\", \"ts_s\": \"до 1 сут.\", \"t_ts\": \"В-класс (малый) до 3,9 м\", \"marka_ts\": \"TOYOTA\", \"m_ts\": \"Прочие модели Toyota\", \"color\": \"Белый\", \"r_rul\": \"Полноприводный\", \"g_v\": \"2006\", \"m_pov\": \"\", \"t_n\": \"Технические неисправности отсутствуют\", \"f_sob\": \"Частная собственность\", \"o_pf\": \"\", \"ts_uch\": [{\"K_UCH\": \"Водитель\", \"NPDD\": [\"Нарушение правил проезда пешеходного перехода\"], \"S_T\": \"Не пострадал\", \"POL\": \"Мужской\", \"V_ST\": \"23\", \"ALCO\": \"00\", \"SOP_NPDD\": [\"Оставление места ДТП\"], \"SAFETY_BELT\": \"Да\", \"S_SM\": \"Скрылся, впоследствии разыскан (установлен)\", \"N_UCH\": \"2\", \"S_SEAT_GROUP\": \"\", \"INJURED_CARD_ID\": \"\"}]}], \"n_p\": \"г Анадырь\", \"street\": \"ул Отке\", \"house\": \"39\", \"dor\": \"А-384 подъездная дорога от г. Анадыря к аэропорту Анадыря (Угольный)\", \"km\": \"\", \"m\": \"\", \"k_ul\": \"Улицы и дороги местного значения в жилой застройке\", \"dor_k\": \"3\", \"dor_z\": \"Местного значения (дороги местного значения, включая относящиеся к собственности поселений, муниципальных районов, городских округов)\", \"factor\": [\"Сведения отсутствуют\"], \"s_pog\": [\"Пасмурно\", \"Дождь\"], \"s_pch\": \"Мокрое\", \"osv\": \"В темное время суток, освещение включено\", \"change_org_motion\": \"Режим движения не изменялся\", \"s_dtp\": \"740\", \"COORD_W\": \"64.736389\", \"COORD_L\": \"177.492500\", \"OBJ_DTP\": [\"Административные здания\", \"Регулируемый пешеходный переход\", \"Регулируемый перекрёсток\", \"Многоквартирные жилые дома\"], \"uchInfo\": [{\"K_UCH\": \"Пешеход\", \"NPDD\": [\"Нет нарушений\"], \"S_T\": \"Раненый, находящийся (находившийся)  на амбулаторном лечении, либо которому по характеру полученных травм обозначена необходимость амбулаторного лечения (вне зависимости от его фактического прохождения)\", \"POL\": \"Мужской\", \"V_ST\": \"\", \"ALCO\": \"00\", \"SOP_NPDD\": [\"Нет нарушений\"], \"S_SM\": \"Нет (не скрывался)\", \"N_UCH\": \"1\"}]}}, {\"KartId\": 174483376, \"rowNum\": 5, \"date\": \"21.07.2015\", \"Time\": \"15:51\", \"District\": \"г.Анадырь\", \"DTP_V\": \"Наезд на препятствие\", \"POG\": 0, \"RAN\": 1, \"K_TS\": 1, \"K_UCH\": 1, \"infoDtp\": {\"ndu\": [\"Не установлены\"], \"sdor\": [\"Перегон (нет объектов на месте ДТП)\", \"Гаражные постройки (гаражный кооператив, товарищество либо иное место концентрированного размещения гаражей)\"], \"ts_info\": [{\"n_ts\": \"1\", \"ts_s\": \"Нет\", \"t_ts\": \"В-класс (малый) до 3,9 м\", \"marka_ts\": \"TOYOTA\", \"m_ts\": \"Прочие модели Toyota\", \"color\": \"Серый\", \"r_rul\": \"Полноприводный\", \"g_v\": \"2010\", \"m_pov\": \"Передний правый угол | Задний левый угол | Передний левый угол\", \"t_n\": \"Технические неисправности отсутствуют\", \"f_sob\": \"Частная собственность\", \"o_pf\": \"\", \"ts_uch\": [{\"K_UCH\": \"Водитель\", \"NPDD\": [\"Нарушение правил расположения ТС на проезжей части\"], \"S_T\": \"Раненый, находящийся (находившийся)  на амбулаторном лечении, либо которому по характеру полученных травм обозначена необходимость амбулаторного лечения (вне зависимости от его фактического прохождения)\", \"POL\": \"Мужской\", \"V_ST\": \"16\", \"ALCO\": \"00\", \"SOP_NPDD\": [\"Оставление места ДТП\"], \"SAFETY_BELT\": \"Да\", \"S_SM\": \"Скрылся, впоследствии разыскан (установлен)\", \"N_UCH\": \"1\", \"S_SEAT_GROUP\": \"\", \"INJURED_CARD_ID\": \"00000000000001\"}]}], \"n_p\": \"г Анадырь\", \"street\": \"ул Отке\", \"house\": \"63\", \"dor\": \"А-384 подъездная дорога от г. Анадыря к аэропорту Анадыря (Угольный)\", \"km\": \"\", \"m\": \"\", \"k_ul\": \"Улицы и дороги местного значения в жилой застройке\", \"dor_k\": \"2\", \"dor_z\": \"Местного значения (дороги местного значения, включая относящиеся к собственности поселений, муниципальных районов, городских округов)\", \"factor\": [\"Сведения отсутствуют\"], \"s_pog\": [\"Пасмурно\"], \"s_pch\": \"Сухое\", \"osv\": \"Светлое время суток\", \"change_org_motion\": \"Режим движения не изменялся\", \"s_dtp\": \"610\", \"COORD_W\": \"64.736389\", \"COORD_L\": \"177.492500\", \"OBJ_DTP\": [\"Производственное предприятие\"], \"uchInfo\": []}}, {\"KartId\": 172273379, \"rowNum\": 6, \"date\": \"09.06.2015\", \"Time\": \"02:00\", \"District\": \"г.Анадырь\", \"DTP_V\": \"Съезд с дороги\", \"POG\": 0, \"RAN\": 2, \"K_TS\": 1, \"K_UCH\": 4, \"infoDtp\": {\"ndu\": [\"Не установлены\"], \"sdor\": [\"Перегон (нет объектов на месте ДТП)\"], \"ts_info\": [{\"n_ts\": \"1\", \"ts_s\": \"Нет\", \"t_ts\": \"D-класс (средний) до 4,6 м\", \"marka_ts\": \"SUBARU\", \"m_ts\": \"Legacy\", \"color\": \"Белый\", \"r_rul\": \"Полноприводный\", \"g_v\": \"2001\", \"m_pov\": \"Передний правый угол | Передний левый бок (передняя дверь водителя, в случае ТС с правым расположением руля передняя дверь пассажира) | Передний левый угол\", \"t_n\": \"Технические неисправности отсутствуют\", \"f_sob\": \"Частная собственность\", \"o_pf\": \"\", \"ts_uch\": [{\"K_UCH\": \"Пассажир\", \"NPDD\": [\"Нет нарушений\"], \"S_T\": \"Раненый, находящийся (находившийся)  на амбулаторном лечении, либо которому по характеру полученных травм обозначена необходимость амбулаторного лечения (вне зависимости от его фактического прохождения)\", \"POL\": \"Мужской\", \"V_ST\": \"\", \"ALCO\": \"\", \"SOP_NPDD\": [\"Нет нарушений\"], \"SAFETY_BELT\": \"Да\", \"S_SM\": \"Нет (не скрывался)\", \"N_UCH\": \"4\", \"S_SEAT_GROUP\": \"\", \"INJURED_CARD_ID\": \"00000000000002\"}, {\"K_UCH\": \"Пассажир\", \"NPDD\": [\"Нет нарушений\"], \"S_T\": \"Не пострадал\", \"POL\": \"Мужской\", \"V_ST\": \"\", \"ALCO\": \"\", \"SOP_NPDD\": [\"Нет нарушений\"], \"SAFETY_BELT\": \"Да\", \"S_SM\": \"Нет (не скрывался)\", \"N_UCH\": \"2\", \"S_SEAT_GROUP\": \"\", \"INJURED_CARD_ID\": \"\"}, {\"K_UCH\": \"Водитель\", \"NPDD\": [\"Нарушение правил расположения ТС на проезжей части\"], \"S_T\": \"Не пострадал\", \"POL\": \"Женский\", \"V_ST\": \"4\", \"ALCO\": \"\", \"SOP_NPDD\": [\"Другие нарушения ПДД водителем\"], \"SAFETY_BELT\": \"Да\", \"S_SM\": \"Нет (не скрывался)\", \"N_UCH\": \"1\", \"S_SEAT_GROUP\": \"\", \"INJURED_CARD_ID\": \"\"}, {\"K_UCH\": \"Пассажир\", \"NPDD\": [\"Нет нарушений\"], \"S_T\": \"Раненый, находящийся (находившийся)  на амбулаторном лечении, либо которому по характеру полученных травм обозначена необходимость амбулаторного лечения (вне зависимости от его фактического прохождения)\", \"POL\": \"Мужской\", \"V_ST\": \"\", \"ALCO\": \"\", \"SOP_NPDD\": [\"Нет нарушений\"], \"SAFETY_BELT\": \"Да\", \"S_SM\": \"Нет (не скрывался)\", \"N_UCH\": \"3\", \"S_SEAT_GROUP\": \"\", \"INJURED_CARD_ID\": \"00000000000001\"}]}], \"n_p\": \"г Анадырь\", \"street\": \"ул Полярная\", \"house\": \"11\", \"dor\": \"\", \"km\": \"\", \"m\": \"\", \"k_ul\": \"Улицы и дороги местного значения в жилой застройке\", \"dor_k\": \"\", \"dor_z\": \"Не указано\", \"factor\": [\"Сведения отсутствуют\"], \"s_pog\": [\"Дождь\"], \"s_pch\": \"Мокрое\", \"osv\": \"Сумерки\", \"change_org_motion\": \"Режим движения не изменялся\", \"s_dtp\": \"600\", \"COORD_W\": \"64.736389\", \"COORD_L\": \"177.492500\", \"OBJ_DTP\": [\"Отсутствие в непосредственной близости объектов УДС и объектов притяжения\"], \"uchInfo\": []}}, {\"KartId\": 169254520, \"rowNum\": 7, \"date\": \"21.05.2015\", \"Time\": \"16:35\", \"District\": \"г.Анадырь\", \"DTP_V\": \"Столкновение\", \"POG\": 0, \"RAN\": 1, \"K_TS\": 2, \"K_UCH\": 2, \"infoDtp\": {\"ndu\": [\"Не установлены\"], \"sdor\": [\"Перегон (нет объектов на месте ДТП)\", \"Автостоянка (не отделённая от проезжей части)\"], \"ts_info\": [{\"n_ts\": \"2\", \"ts_s\": \"Нет\", \"t_ts\": \"В-класс (малый) до 3,9 м\", \"marka_ts\": \"TOYOTA\", \"m_ts\": \"Hiace\", \"color\": \"Белый\", \"r_rul\": \"Полноприводный\", \"g_v\": \"1990\", \"m_pov\": \"\", \"t_n\": \"Технические неисправности отсутствуют\", \"f_sob\": \"Частная собственность\", \"o_pf\": \"\", \"ts_uch\": [{\"K_UCH\": \"Водитель\", \"NPDD\": [\"Нет нарушений\"], \"S_T\": \"Не пострадал\", \"POL\": \"Мужской\", \"V_ST\": \"9\", \"ALCO\": \"00\", \"SOP_NPDD\": [\"Нет нарушений\"], \"SAFETY_BELT\": \"Да\", \"S_SM\": \"Нет (не скрывался)\", \"N_UCH\": \"2\", \"S_SEAT_GROUP\": \"\", \"INJURED_CARD_ID\": \"\"}]}, {\"n_ts\": \"1\", \"ts_s\": \"Нет\", \"t_ts\": \"Мопеды с двигателем внутреннего сгорания менее 50 см. куб.\", \"marka_ts\": \"Прочие марки ТС\", \"m_ts\": \"Прочие марки и модели ТС\", \"color\": \"Черный\", \"r_rul\": \"Не заполнено\", \"g_v\": \"2009\", \"m_pov\": \"Передний правый угол | Передний правый бок (передняя дверь пассажира, в случае ТС с правым расположением руля передняя дверь водителя) | Передний левый угол\", \"t_n\": \"Технические неисправности отсутствуют\", \"f_sob\": \"\", \"o_pf\": \"\", \"ts_uch\": [{\"K_UCH\": \"Водитель\", \"NPDD\": [\"Нарушение правил обгона\"], \"S_T\": \"Раненый, находящийся (находившийся)  на амбулаторном лечении, либо которому по характеру полученных травм обозначена необходимость амбулаторного лечения (вне зависимости от его фактического прохождения)\", \"POL\": \"Мужской\", \"V_ST\": \"0\", \"ALCO\": \"15\", \"SOP_NPDD\": [\"Управление ТС в состоянии алкогольного опьянения\"], \"SAFETY_BELT\": \"Да\", \"S_SM\": \"Нет (не скрывался)\", \"N_UCH\": \"1\", \"S_SEAT_GROUP\": \"\", \"INJURED_CARD_ID\": \"10000000000001\"}]}], \"n_p\": \"г Анадырь\", \"street\": \"ул Ленина\", \"house\": \"11\", \"dor\": \"\", \"km\": \"\", \"m\": \"\", \"k_ul\": \"Улицы и дороги местного значения в жилой застройке\", \"dor_k\": \"\", \"dor_z\": \"Не указано\", \"factor\": [\"Сведения отсутствуют\"], \"s_pog\": [\"Ясно\"], \"s_pch\": \"Сухое\", \"osv\": \"Светлое время суток\", \"change_org_motion\": \"Режим движения не изменялся\", \"s_dtp\": \"140\", \"COORD_W\": \"64.736389\", \"COORD_L\": \"177.492500\", \"OBJ_DTP\": [\"Иной объект\"], \"uchInfo\": []}}, {\"KartId\": 164410570, \"rowNum\": 8, \"date\": \"16.03.2015\", \"Time\": \"16:03\", \"District\": \"г.Анадырь\", \"DTP_V\": \"Столкновение\", \"POG\": 0, \"RAN\": 1, \"K_TS\": 2, \"K_UCH\": 3, \"infoDtp\": {\"ndu\": [\"Не установлены\"], \"sdor\": [\"Перегон (нет объектов на месте ДТП)\", \"Нерегулируемый перекрёсток неравнозначных улиц (дорог)\"], \"ts_info\": [{\"n_ts\": \"1\", \"ts_s\": \"Нет\", \"t_ts\": \"Самосвалы\", \"marka_ts\": \"УРАЛ\", \"m_ts\": \"5557\", \"color\": \"Иные цвета\", \"r_rul\": \"Полноприводный\", \"g_v\": \"2004\", \"m_pov\": \"\", \"t_n\": \"Технические неисправности отсутствуют\", \"f_sob\": \"Частная собственность\", \"o_pf\": \"\", \"ts_uch\": [{\"K_UCH\": \"Водитель\", \"NPDD\": [\"Несоблюдение очередности проезда\"], \"S_T\": \"Не пострадал\", \"POL\": \"Мужской\", \"V_ST\": \"19\", \"ALCO\": \"00\", \"SOP_NPDD\": [\"Нет нарушений\"], \"SAFETY_BELT\": \"Да\", \"S_SM\": \"Нет (не скрывался)\", \"N_UCH\": \"1\", \"S_SEAT_GROUP\": \"\", \"INJURED_CARD_ID\": \"\"}]}, {\"n_ts\": \"2\", \"ts_s\": \"Нет\", \"t_ts\": \"В-класс (малый) до 3,9 м\", \"marka_ts\": \"TOYOTA\", \"m_ts\": \"Corona\", \"color\": \"Серый\", \"r_rul\": \"Полноприводный\", \"g_v\": \"1985\", \"m_pov\": \"Задний левый угол | Задний левый бок (задняя дверь пассажира) | Крыша\", \"t_n\": \"Технические неисправности отсутствуют\", \"f_sob\": \"Частная собственность\", \"o_pf\": \"\", \"ts_uch\": [{\"K_UCH\": \"Пассажир\", \"NPDD\": [\"Нет нарушений\"], \"S_T\": \"Раненый, находящийся (находившийся) на стационарном лечении\", \"POL\": \"Женский\", \"V_ST\": \"\", \"ALCO\": \"00\", \"SOP_NPDD\": [\"Нет нарушений\"], \"SAFETY_BELT\": \"Да\", \"S_SM\": \"Нет (не скрывался)\", \"N_UCH\": \"3\", \"S_SEAT_GROUP\": \"\", \"INJURED_CARD_ID\": \"\"}, {\"K_UCH\": \"Водитель\", \"NPDD\": [\"Нет нарушений\"], \"S_T\": \"Не пострадал\", \"POL\": \"Мужской\", \"V_ST\": \"6\", \"ALCO\": \"00\", \"SOP_NPDD\": [\"Нет нарушений\"], \"SAFETY_BELT\": \"Да\", \"S_SM\": \"Нет (не скрывался)\", \"N_UCH\": \"2\", \"S_SEAT_GROUP\": \"\", \"INJURED_CARD_ID\": \"\"}]}], \"n_p\": \"г Анадырь\", \"street\": \"ул Полярная\", \"house\": \"1\", \"dor\": \"\", \"km\": \"\", \"m\": \"\", \"k_ul\": \"Улицы и дороги местного значения в жилой застройке\", \"dor_k\": \"\", \"dor_z\": \"Не указано\", \"factor\": [\"Сведения отсутствуют\"], \"s_pog\": [\"Пасмурно\"], \"s_pch\": \"Со снежным накатом\", \"osv\": \"Светлое время суток\", \"change_org_motion\": \"Режим движения не изменялся\", \"s_dtp\": \"500\", \"COORD_W\": \"64.736389\", \"COORD_L\": \"177.492500\", \"OBJ_DTP\": [\"Мост\"], \"uchInfo\": []}}, {\"KartId\": 163546848, \"rowNum\": 9, \"date\": \"02.03.2015\", \"Time\": \"08:20\", \"District\": \"г.Анадырь\", \"DTP_V\": \"Наезд на лицо, не являющееся участником дорожного движения, осуществляющее какую-либо другую деятельность\", \"POG\": 0, \"RAN\": 1, \"K_TS\": 1, \"K_UCH\": 2, \"infoDtp\": {\"ndu\": [\"Не установлены\"], \"sdor\": [\"Иное место\"], \"ts_info\": [{\"n_ts\": \"1\", \"ts_s\": \"Нет\", \"t_ts\": \"В-класс (малый) до 3,9 м\", \"marka_ts\": \"NISSAN\", \"m_ts\": \"Прочие модели Nissan\", \"color\": \"Серый\", \"r_rul\": \"Полноприводный\", \"g_v\": \"2002\", \"m_pov\": \"\", \"t_n\": \"Технические неисправности отсутствуют\", \"f_sob\": \"Частная собственность\", \"o_pf\": \"\", \"ts_uch\": [{\"K_UCH\": \"Водитель\", \"NPDD\": [\"Другие нарушения ПДД водителем\"], \"S_T\": \"Не пострадал\", \"POL\": \"Мужской\", \"V_ST\": \"15\", \"ALCO\": \"00\", \"SOP_NPDD\": [\"Нет нарушений\"], \"SAFETY_BELT\": \"Да\", \"S_SM\": \"Нет (не скрывался)\", \"N_UCH\": \"1\", \"S_SEAT_GROUP\": \"\", \"INJURED_CARD_ID\": \"\"}]}], \"n_p\": \"г Анадырь\", \"street\": \"ул Строителей\", \"house\": \"7\", \"dor\": \"\", \"km\": \"\", \"m\": \"\", \"k_ul\": \"Улицы и дороги местного значения в жилой застройке\", \"dor_k\": \"\", \"dor_z\": \"Не указано\", \"factor\": [\"Сведения отсутствуют\"], \"s_pog\": [\"Снегопад\", \"Метель\"], \"s_pch\": \"Со снежным накатом\", \"osv\": \"Светлое время суток\", \"change_org_motion\": \"Режим движения не изменялся\", \"s_dtp\": \"960\", \"COORD_W\": \"64.736389\", \"COORD_L\": \"177.492500\", \"OBJ_DTP\": [\"Школа либо иное детское (в т.ч. дошкольное) учреждение\"], \"uchInfo\": []}}, {\"KartId\": 163714219, \"rowNum\": 10, \"date\": \"12.02.2015\", \"Time\": \"08:40\", \"District\": \"г.Анадырь\", \"DTP_V\": \"Наезд на пешехода\", \"POG\": 0, \"RAN\": 1, \"K_TS\": 1, \"K_UCH\": 2, \"infoDtp\": {\"ndu\": [\"Не установлены\"], \"sdor\": [\"Перегон (нет объектов на месте ДТП)\", \"Нерегулируемый перекрёсток неравнозначных улиц (дорог)\"], \"ts_info\": [{\"n_ts\": \"1\", \"ts_s\": \"Нет\", \"t_ts\": \"А-класс (особо малый) до 3,5 м\", \"marka_ts\": \"TOYOTA\", \"m_ts\": \"Прочие модели Toyota\", \"color\": \"Белый\", \"r_rul\": \"Передний\", \"g_v\": \"2003\", \"m_pov\": \"\", \"t_n\": \"Технические неисправности отсутствуют\", \"f_sob\": \"Частная собственность\", \"o_pf\": \"\", \"ts_uch\": [{\"K_UCH\": \"Водитель\", \"NPDD\": [\"Несоблюдение очередности проезда\"], \"S_T\": \"Не пострадал\", \"POL\": \"Мужской\", \"V_ST\": \"7\", \"ALCO\": \"00\", \"SOP_NPDD\": [\"Другие нарушения ПДД водителем\"], \"SAFETY_BELT\": \"Да\", \"S_SM\": \"Нет (не скрывался)\", \"N_UCH\": \"1\", \"S_SEAT_GROUP\": \"\", \"INJURED_CARD_ID\": \"\"}]}], \"n_p\": \"г Анадырь\", \"street\": \"ул Отке\", \"house\": \"27\", \"dor\": \"\", \"km\": \"\", \"m\": \"\", \"k_ul\": \"Улицы и дороги местного значения в жилой застройке\", \"dor_k\": \"\", \"dor_z\": \"Не указано\", \"factor\": [\"Сведения отсутствуют\"], \"s_pog\": [\"Ясно\"], \"s_pch\": \"Обработанное противогололедными материалами\", \"osv\": \"Светлое время суток\", \"change_org_motion\": \"Режим движения не изменялся\", \"s_dtp\": \"830\", \"COORD_W\": \"64.736389\", \"COORD_L\": \"177.492500\", \"OBJ_DTP\": [\"Нерегулируемый перекрёсток\"], \"uchInfo\": [{\"K_UCH\": \"Пешеход\", \"NPDD\": [\"Нет нарушений\"], \"S_T\": \"Раненый, находящийся (находившийся)  на амбулаторном лечении, либо которому по характеру полученных травм обозначена необходимость амбулаторного лечения (вне зависимости от его фактического прохождения)\", \"POL\": \"Женский\", \"V_ST\": \"\", \"ALCO\": \"00\", \"SOP_NPDD\": [\"Нет нарушений\"], \"S_SM\": \"Нет (не скрывался)\", \"N_UCH\": \"2\"}]}}, {\"KartId\": 163729126, \"rowNum\": 11, \"date\": \"14.01.2015\", \"Time\": \"16:10\", \"District\": \"г.Анадырь\", \"DTP_V\": \"Столкновение\", \"POG\": 0, \"RAN\": 1, \"K_TS\": 2, \"K_UCH\": 2, \"infoDtp\": {\"ndu\": [\"Не установлены\"], \"sdor\": [\"Перегон (нет объектов на месте ДТП)\", \"Гаражные постройки (гаражный кооператив, товарищество либо иное место концентрированного размещения гаражей)\"], \"ts_info\": [{\"n_ts\": \"1\", \"ts_s\": \"Нет\", \"t_ts\": \"В-класс (малый) до 3,9 м\", \"marka_ts\": \"TOYOTA\", \"m_ts\": \"Liteace\", \"color\": \"Коричневый\", \"r_rul\": \"Полноприводный\", \"g_v\": \"1987\", \"m_pov\": \"Передний правый угол | Передний левый угол | Днище\", \"t_n\": \"Технические неисправности отсутствуют\", \"f_sob\": \"Частная собственность\", \"o_pf\": \"\", \"ts_uch\": [{\"K_UCH\": \"Водитель\", \"NPDD\": [\"Несоответствие скорости конкретным условиям движения\"], \"S_T\": \"Раненый, находящийся (находившийся)  на амбулаторном лечении, либо которому по характеру полученных травм обозначена необходимость амбулаторного лечения (вне зависимости от его фактического прохождения)\", \"POL\": \"Мужской\", \"V_ST\": \"9\", \"ALCO\": \"00\", \"SOP_NPDD\": [\"Нет нарушений\"], \"SAFETY_BELT\": \"Да\", \"S_SM\": \"Нет (не скрывался)\", \"N_UCH\": \"1\", \"S_SEAT_GROUP\": \"\", \"INJURED_CARD_ID\": \"10000000000001\"}]}, {\"n_ts\": \"2\", \"ts_s\": \"Нет\", \"t_ts\": \"В-класс (малый) до 3,9 м\", \"marka_ts\": \"TOYOTA\", \"m_ts\": \"Hilux\", \"color\": \"Синий\", \"r_rul\": \"Полноприводный\", \"g_v\": \"1991\", \"m_pov\": \"Передний правый угол | Передний левый угол | Днище\", \"t_n\": \"Технические неисправности отсутствуют\", \"f_sob\": \"Частная собственность\", \"o_pf\": \"\", \"ts_uch\": [{\"K_UCH\": \"Водитель\", \"NPDD\": [\"Нет нарушений\"], \"S_T\": \"Не пострадал\", \"POL\": \"Мужской\", \"V_ST\": \"40\", \"ALCO\": \"00\", \"SOP_NPDD\": [\"Нет нарушений\"], \"SAFETY_BELT\": \"Да\", \"S_SM\": \"Нет (не скрывался)\", \"N_UCH\": \"2\", \"S_SEAT_GROUP\": \"\", \"INJURED_CARD_ID\": \"\"}]}], \"n_p\": \"г Анадырь\", \"street\": \"ул Отке\", \"house\": \"\", \"dor\": \"\", \"km\": \"0\", \"m\": \"0\", \"k_ul\": \"Улицы и дороги местного значения в жилой застройке\", \"dor_k\": \"\", \"dor_z\": \"Не указано\", \"factor\": [\"Сведения отсутствуют\"], \"s_pog\": [\"Ясно\"], \"s_pch\": \"Заснеженное\", \"osv\": \"В темное время суток, освещение отсутствует\", \"change_org_motion\": \"Режим движения не изменялся\", \"s_dtp\": \"210\", \"COORD_W\": \"64.736389\", \"COORD_L\": \"177.492500\", \"OBJ_DTP\": [\"Гаражные постройки (гаражный кооператив, товарищество либо иное место концентрированного размещения гаражей)\"], \"uchInfo\": []}}]}"}